user_id,symbol,side,qty,price,timestamp
user_124,SOLUSD,BUY,1.292879,25564.12,2025-07-08
user_142,SOLUSD,BUY,1.496292,11418.79,2025-05-16
user_123,BTCUSD,BUY,0.895125,46095.68,2025-08-07
user_066,XRPUSD,SELL,0.394284,15891.12,2025-07-07
user_128,XRPUSD,BUY,2.0186,14271.38,2025-05-19
user_120,XRPUSD,SELL,0.353302,35057.28,2025-04-30
user_018,ETHUSD,BUY,0.834404,24168.05,2025-08-24
user_134,SOLUSD,BUY,1.03239,55172.32,2025-04-13
user_083,XRPUSD,SELL,0.543512,3965.79,2025-04-22
user_023,ETHUSD,SELL,0.482507,36906.7,2025-08-17
user_175,BTCUSD,BUY,0.830203,14422.33,2025-06-04
user_131,ETHUSD,BUY,2.180001,57397.15,2025-06-26
user_041,SOLUSD,SELL,1.498446,18338.81,2025-05-02
user_026,ETHUSD,SELL,3.356259,13255.67,2025-03-18
user_150,SOLUSD,BUY,1.256815,31240.78,2025-08-13
user_149,SOLUSD,BUY,3.947799,4431.85,2025-04-24
user_191,SOLUSD,SELL,2.786708,56808.49,2025-05-14
user_194,SOLUSD,BUY,1.144474,6409.88,2025-05-27
user_169,SOLUSD,BUY,2.256924,53419.85,2025-06-12
user_147,BTCUSD,BUY,4.35029,45077.13,2025-06-15
user_107,SOLUSD,SELL,1.859042,31836.08,2025-05-21
user_078,SOLUSD,BUY,0.586807,12883.97,2025-07-19
user_006,ETHUSD,BUY,0.713487,51419.56,2025-06-23
user_101,ETHUSD,BUY,2.309268,36502.84,2025-07-23
user_061,BTCUSD,BUY,0.476564,27443.08,2025-03-28
user_053,SOLUSD,BUY,2.227936,24744.93,2025-07-25
user_007,SOLUSD,SELL,1.720417,37328.85,2025-04-28
user_192,SOLUSD,SELL,0.777406,2255.54,2025-05-20
user_151,ETHUSD,BUY,2.990284,469.0,2025-05-22
user_096,XRPUSD,BUY,0.287872,39177.96,2025-05-27
user_133,SOLUSD,SELL,2.648768,9816.44,2025-08-05
user_185,BTCUSD,BUY,2.759976,15351.38,2025-04-01
user_050,ETHUSD,SELL,1.017573,52276.52,2025-06-23
user_165,BTCUSD,BUY,0.669436,46170.27,2025-08-24
user_198,XRPUSD,SELL,0.372419,1849.26,2025-07-26
user_002,XRPUSD,BUY,0.580277,9009.66,2025-07-25
user_099,BTCUSD,BUY,0.482103,44180.94,2025-08-17
user_192,SOLUSD,BUY,1.284387,2243.58,2025-08-24
user_120,BTCUSD,BUY,2.035278,15337.61,2025-03-21
user_123,BTCUSD,SELL,0.521313,43728.34,2025-08-06
user_052,BTCUSD,SELL,1.827658,3080.27,2025-07-31
user_020,SOLUSD,BUY,0.906094,43503.16,2025-08-11
user_034,BTCUSD,SELL,0.811241,50403.31,2025-06-25
user_150,ETHUSD,SELL,2.458903,57926.72,2025-07-22
user_163,XRPUSD,BUY,3.862766,37722.08,2025-07-16
user_171,XRPUSD,BUY,0.283874,56090.74,2025-05-08
user_037,XRPUSD,SELL,1.751579,19489.97,2025-03-26
user_101,ETHUSD,SELL,0.40375,13023.82,2025-05-05
user_115,BTCUSD,BUY,1.282929,52926.31,2025-06-18
user_165,SOLUSD,BUY,0.661756,21090.06,2025-06-19
user_152,ETHUSD,BUY,4.637473,24884.86,2025-04-17
user_166,ETHUSD,SELL,1.880317,54201.84,2025-04-14
user_186,SOLUSD,SELL,0.592489,8649.78,2025-06-06
user_160,XRPUSD,BUY,0.879703,53452.55,2025-03-06
user_034,BTCUSD,BUY,1.061272,42574.59,2025-07-24
user_099,XRPUSD,BUY,0.490615,36748.05,2025-07-19
user_186,BTCUSD,BUY,1.204055,19643.24,2025-08-15
user_009,XRPUSD,SELL,2.360449,42107.14,2025-06-04
user_192,SOLUSD,BUY,0.327435,9144.72,2025-05-01
user_019,SOLUSD,BUY,0.779337,31677.17,2025-07-13
user_158,SOLUSD,SELL,2.990847,7001.74,2025-05-12
user_127,BTCUSD,BUY,4.323914,34203.54,2025-06-21
user_103,SOLUSD,SELL,1.553339,25768.75,2025-08-18
user_186,XRPUSD,BUY,0.554628,50928.83,2025-07-05
user_065,ETHUSD,BUY,1.838733,42047.22,2025-04-06
user_111,ETHUSD,SELL,2.077838,33633.68,2025-04-11
user_144,BTCUSD,BUY,1.252061,28020.66,2025-08-05
user_190,BTCUSD,BUY,0.777061,28178.59,2025-07-29
user_153,ETHUSD,SELL,1.744428,14974.58,2025-03-03
user_152,BTCUSD,SELL,0.971717,19002.5,2025-03-25
user_196,SOLUSD,SELL,1.856454,33188.86,2025-07-24
user_090,ETHUSD,SELL,0.555174,32213.34,2025-05-14
user_020,XRPUSD,BUY,0.58859,9549.92,2025-04-22
user_035,SOLUSD,BUY,1.766283,39118.24,2025-07-14
user_070,BTCUSD,BUY,0.555775,41152.05,2025-07-25
user_016,BTCUSD,SELL,1.014287,18376.5,2025-08-22
user_029,XRPUSD,SELL,0.930273,57853.69,2025-04-23
user_117,BTCUSD,BUY,0.504373,24691.72,2025-04-30
user_054,ETHUSD,BUY,0.665569,736.82,2025-06-27
user_095,XRPUSD,BUY,0.273853,7994.76,2025-07-09
user_086,BTCUSD,SELL,1.207386,57980.34,2025-03-08
user_148,BTCUSD,BUY,0.47147,9403.32,2025-08-20
user_167,ETHUSD,BUY,0.634052,23615.63,2025-04-05
user_004,XRPUSD,SELL,1.534759,3385.63,2025-06-24
user_042,XRPUSD,BUY,3.056088,33242.78,2025-07-13
user_156,ETHUSD,BUY,0.86379,38850.05,2025-03-18
user_039,ETHUSD,BUY,0.575819,796.87,2025-03-21
user_068,XRPUSD,BUY,0.791799,49280.53,2025-07-03
user_132,XRPUSD,BUY,0.456645,25111.85,2025-05-19
user_167,BTCUSD,BUY,1.726713,48088.58,2025-06-16
user_200,BTCUSD,BUY,0.300299,16038.4,2025-06-24
user_115,BTCUSD,BUY,1.422376,13064.67,2025-06-29
user_009,ETHUSD,BUY,1.374471,42552.34,2025-08-05
user_060,SOLUSD,SELL,2.617943,51608.63,2025-03-19
user_086,ETHUSD,BUY,0.989974,2113.93,2025-03-24
user_008,BTCUSD,BUY,0.43854,47505.16,2025-08-02
user_062,ETHUSD,BUY,1.409957,16087.02,2025-08-15
user_014,SOLUSD,BUY,1.826517,7398.1,2025-03-03
user_023,ETHUSD,SELL,2.403765,20876.19,2025-07-30
user_056,BTCUSD,BUY,0.839681,2064.93,2025-05-13
user_129,ETHUSD,BUY,1.761015,46494.17,2025-05-25
user_121,ETHUSD,SELL,1.357075,32386.93,2025-04-15
user_117,SOLUSD,SELL,0.829723,35028.58,2025-06-23
user_092,BTCUSD,SELL,0.568148,52239.23,2025-08-21
user_158,ETHUSD,BUY,0.731636,33534.35,2025-03-23
user_069,ETHUSD,BUY,0.859069,10598.31,2025-03-03
user_024,ETHUSD,SELL,0.397327,13865.47,2025-08-04
user_048,SOLUSD,BUY,1.781436,23956.85,2025-03-09
user_127,ETHUSD,BUY,2.382318,14691.62,2025-06-18
user_027,XRPUSD,SELL,5.362746,53468.09,2025-07-15
user_104,SOLUSD,SELL,0.564369,30298.4,2025-05-31
user_129,SOLUSD,BUY,1.327482,57106.88,2025-04-04
user_039,ETHUSD,BUY,2.068465,34492.57,2025-04-02
user_179,ETHUSD,BUY,3.189049,10780.56,2025-02-26
user_001,BTCUSD,BUY,0.291612,57184.93,2025-08-22
user_057,SOLUSD,SELL,0.625106,14546.79,2025-03-23
user_027,ETHUSD,BUY,1.829248,47352.95,2025-03-11
user_030,BTCUSD,SELL,1.069548,57871.27,2025-03-28
user_005,ETHUSD,BUY,0.357854,49600.72,2025-04-12
user_137,SOLUSD,SELL,2.304671,17494.46,2025-04-19
user_185,BTCUSD,BUY,1.582297,38340.95,2025-03-21
user_100,SOLUSD,BUY,0.616813,52738.14,2025-03-18
user_060,SOLUSD,SELL,1.249238,47086.1,2025-03-15
user_130,BTCUSD,BUY,0.796358,58915.9,2025-06-17
user_013,BTCUSD,BUY,0.510734,51177.45,2025-06-02
user_040,SOLUSD,BUY,0.824419,19054.83,2025-03-29
user_103,ETHUSD,SELL,0.34844,24145.55,2025-04-07
user_116,XRPUSD,SELL,3.09411,43950.54,2025-06-13
user_043,BTCUSD,BUY,2.947925,869.56,2025-03-21
user_062,ETHUSD,BUY,0.546671,19485.6,2025-04-26
user_084,ETHUSD,SELL,2.432666,18880.28,2025-07-06
user_084,SOLUSD,BUY,0.622656,38003.29,2025-06-05
user_092,SOLUSD,SELL,2.358431,36201.59,2025-06-23
user_090,BTCUSD,BUY,2.723741,24822.87,2025-03-28
user_159,ETHUSD,BUY,2.254544,3831.55,2025-04-04
user_017,XRPUSD,BUY,0.272915,52550.43,2025-03-16
user_111,XRPUSD,SELL,0.784293,34013.48,2025-08-20
user_184,ETHUSD,BUY,2.284898,55934.34,2025-05-24
user_178,BTCUSD,SELL,2.116101,4973.08,2025-04-29
user_113,ETHUSD,BUY,0.599403,31407.1,2025-07-15
user_054,BTCUSD,SELL,1.214541,36979.01,2025-05-01
user_144,XRPUSD,SELL,2.227148,54459.28,2025-05-01
user_075,ETHUSD,BUY,2.209543,35187.18,2025-07-06
user_113,BTCUSD,SELL,2.36724,37982.99,2025-07-21
user_112,SOLUSD,SELL,1.749791,8141.34,2025-03-08
user_176,ETHUSD,SELL,2.125196,49026.65,2025-04-21
user_029,ETHUSD,BUY,2.02856,13873.48,2025-08-08
user_169,BTCUSD,SELL,1.877586,54207.59,2025-08-01
user_157,SOLUSD,BUY,0.927709,39784.78,2025-07-13
user_179,BTCUSD,SELL,0.830193,40426.13,2025-08-15
user_151,BTCUSD,SELL,2.446972,23281.95,2025-05-19
user_179,SOLUSD,SELL,0.529246,20.53,2025-06-13
user_030,ETHUSD,BUY,0.859415,40935.21,2025-06-09
user_087,XRPUSD,BUY,0.922956,26447.98,2025-08-07
user_033,XRPUSD,SELL,1.46276,50760.87,2025-06-15
user_098,SOLUSD,SELL,1.391005,18787.42,2025-05-13
user_058,ETHUSD,BUY,5.124719,19325.77,2025-06-18
user_073,SOLUSD,SELL,1.169605,2475.55,2025-05-27
user_035,ETHUSD,SELL,0.882112,57039.23,2025-07-11
user_126,BTCUSD,SELL,1.102956,47803.05,2025-03-25
user_155,SOLUSD,SELL,0.72034,58970.48,2025-04-03
user_104,XRPUSD,BUY,0.594173,22419.18,2025-06-24
user_044,BTCUSD,SELL,0.912853,51847.11,2025-03-26
user_109,XRPUSD,SELL,3.064501,42228.17,2025-05-11
user_149,BTCUSD,BUY,1.893289,6130.77,2025-03-02
user_168,XRPUSD,SELL,1.189166,36073.74,2025-05-18
user_057,BTCUSD,BUY,1.749252,45912.52,2025-04-30
user_010,SOLUSD,SELL,0.875185,22188.47,2025-07-29
user_062,XRPUSD,BUY,0.434931,18892.24,2025-06-06
user_179,XRPUSD,SELL,3.681621,59130.28,2025-08-09
user_164,BTCUSD,SELL,3.4832,10652.97,2025-07-06
user_064,ETHUSD,BUY,0.945947,817.18,2025-07-13
user_085,SOLUSD,BUY,3.856035,30400.86,2025-05-16
user_123,ETHUSD,SELL,0.593428,53429.07,2025-05-14
user_165,ETHUSD,BUY,0.312086,54963.76,2025-05-29
user_061,XRPUSD,BUY,0.710556,24414.07,2025-03-22
user_101,XRPUSD,SELL,0.791395,47600.65,2025-04-16
user_141,SOLUSD,SELL,0.912834,49507.24,2025-03-07
user_123,XRPUSD,SELL,1.03644,44995.09,2025-04-18
user_156,BTCUSD,BUY,0.894052,56783.45,2025-03-18
user_141,XRPUSD,SELL,2.132968,23629.29,2025-06-22
user_050,BTCUSD,SELL,0.890541,10777.88,2025-02-28
user_116,ETHUSD,SELL,1.62056,12372.15,2025-06-28
user_131,ETHUSD,BUY,0.995507,22940.02,2025-02-28
user_115,SOLUSD,SELL,0.999245,25745.42,2025-07-17
user_134,SOLUSD,BUY,1.296332,7335.54,2025-04-13
user_119,BTCUSD,BUY,0.5139,31405.68,2025-06-03
user_137,BTCUSD,SELL,1.009904,44079.98,2025-07-27
user_029,XRPUSD,SELL,0.365276,21234.22,2025-07-13
user_022,XRPUSD,BUY,1.393462,38317.98,2025-02-26
user_078,BTCUSD,BUY,0.53161,50698.52,2025-04-01
user_070,SOLUSD,BUY,1.324247,28516.58,2025-06-15
user_121,SOLUSD,SELL,0.973901,23161.43,2025-07-30
user_088,XRPUSD,BUY,1.969566,42058.73,2025-03-27
user_195,SOLUSD,SELL,1.865204,31752.12,2025-04-26
user_174,XRPUSD,SELL,0.834767,21880.56,2025-06-26
user_098,BTCUSD,BUY,1.68137,9108.87,2025-06-24
user_195,XRPUSD,SELL,0.373637,14779.82,2025-06-04
user_184,XRPUSD,BUY,1.948367,22401.56,2025-07-10
user_070,SOLUSD,BUY,0.373651,30351.94,2025-04-11
user_040,XRPUSD,BUY,1.441461,45892.6,2025-08-20
user_009,BTCUSD,BUY,1.206339,24321.35,2025-05-24
user_056,SOLUSD,SELL,0.176188,4690.34,2025-07-02
user_184,ETHUSD,BUY,1.091215,53543.3,2025-03-06
user_012,ETHUSD,BUY,2.555682,24404.04,2025-07-10
user_150,SOLUSD,SELL,1.20945,46986.22,2025-03-05
user_157,BTCUSD,SELL,0.983132,35461.39,2025-05-15
user_077,XRPUSD,BUY,2.620277,32039.4,2025-03-30
user_135,BTCUSD,SELL,1.187644,55521.32,2025-07-31
user_136,BTCUSD,BUY,1.271468,13208.4,2025-05-22
user_030,BTCUSD,BUY,0.800131,29999.48,2025-08-20
user_102,ETHUSD,BUY,0.958067,52436.68,2025-04-12
user_060,XRPUSD,BUY,0.62807,4116.09,2025-03-02
user_015,SOLUSD,BUY,0.84939,26855.54,2025-07-01
user_125,SOLUSD,SELL,0.80206,49200.59,2025-06-26
user_113,SOLUSD,SELL,0.548891,23049.0,2025-05-12
user_112,ETHUSD,BUY,1.143247,43114.81,2025-07-09
user_019,SOLUSD,BUY,6.189929,9378.34,2025-04-19
user_121,BTCUSD,BUY,1.291164,16264.51,2025-03-03
user_037,ETHUSD,BUY,1.742477,7403.99,2025-06-24
user_105,BTCUSD,SELL,1.46973,35290.72,2025-06-21
user_086,XRPUSD,SELL,0.776259,22851.69,2025-08-19
user_037,ETHUSD,BUY,2.05786,52487.0,2025-05-19
user_111,ETHUSD,SELL,0.82531,34879.91,2025-08-24
user_029,BTCUSD,BUY,2.83192,44962.62,2025-05-22
user_060,XRPUSD,BUY,1.188844,24025.51,2025-07-03
user_063,XRPUSD,SELL,1.180931,10130.37,2025-03-20
user_085,SOLUSD,SELL,0.996966,992.45,2025-06-29
user_015,BTCUSD,SELL,1.328764,53501.05,2025-05-19
user_081,SOLUSD,SELL,2.480124,29080.44,2025-03-15
user_010,SOLUSD,SELL,0.955062,43474.07,2025-06-28
user_078,BTCUSD,SELL,1.692723,18066.18,2025-03-22
user_090,BTCUSD,BUY,0.688507,30293.07,2025-04-28
user_106,XRPUSD,BUY,1.524248,12747.17,2025-05-23
user_195,SOLUSD,BUY,1.260724,57118.54,2025-05-19
user_129,ETHUSD,SELL,0.685965,18649.15,2025-07-17
user_084,SOLUSD,SELL,1.639331,39032.5,2025-06-30
user_133,XRPUSD,BUY,1.185424,40390.07,2025-05-25
user_108,ETHUSD,BUY,1.081734,22031.29,2025-03-20
user_051,SOLUSD,SELL,0.435513,28262.7,2025-08-14
user_133,XRPUSD,BUY,0.972203,3780.41,2025-06-03
user_151,ETHUSD,BUY,2.948296,54333.44,2025-03-16
user_074,XRPUSD,BUY,1.922653,34345.55,2025-04-17
user_076,ETHUSD,SELL,1.171702,4187.48,2025-07-16
user_050,ETHUSD,BUY,4.912875,12868.25,2025-07-01
user_141,SOLUSD,SELL,3.131115,28267.03,2025-03-26
user_001,ETHUSD,BUY,5.184469,15584.25,2025-07-31
user_138,ETHUSD,SELL,0.663526,34909.09,2025-03-07
user_139,XRPUSD,SELL,0.881474,7371.11,2025-03-02
user_181,BTCUSD,BUY,0.370112,2247.66,2025-04-07
user_027,XRPUSD,SELL,0.490015,24422.09,2025-05-23
user_196,BTCUSD,SELL,0.578509,57719.34,2025-05-14
user_183,ETHUSD,BUY,7.378581,56496.65,2025-03-28
user_038,BTCUSD,SELL,2.444054,55269.62,2025-03-10
user_109,SOLUSD,SELL,2.481452,50136.13,2025-08-24
user_025,ETHUSD,SELL,1.572344,34678.65,2025-03-20
user_039,BTCUSD,SELL,0.208701,23702.97,2025-05-21
user_090,SOLUSD,SELL,0.714946,25454.81,2025-04-10
user_105,XRPUSD,SELL,0.64527,59121.6,2025-06-11
user_048,ETHUSD,BUY,0.494874,22096.4,2025-02-28
user_124,BTCUSD,SELL,2.549602,31650.39,2025-08-19
user_078,XRPUSD,BUY,1.178382,19473.96,2025-06-24
user_042,BTCUSD,SELL,0.544147,7809.12,2025-08-02
user_187,SOLUSD,BUY,1.15443,41649.51,2025-03-20
user_112,BTCUSD,BUY,1.286791,4486.05,2025-07-15
user_052,XRPUSD,BUY,1.464408,24179.71,2025-04-05
user_154,XRPUSD,SELL,1.107605,11600.34,2025-05-24
user_119,SOLUSD,BUY,1.002363,52090.12,2025-05-05
user_083,XRPUSD,SELL,0.479787,44281.8,2025-07-27
user_103,XRPUSD,BUY,0.98186,55196.88,2025-03-04
user_195,BTCUSD,BUY,1.022603,59808.93,2025-03-14
user_041,SOLUSD,SELL,0.786133,43962.99,2025-06-02
user_108,SOLUSD,SELL,0.758176,18149.12,2025-08-11
user_023,BTCUSD,SELL,0.815316,43465.8,2025-08-14
user_066,ETHUSD,SELL,1.177852,16159.9,2025-06-28
user_119,XRPUSD,BUY,0.458132,49753.45,2025-08-18
user_183,ETHUSD,SELL,0.620066,27984.07,2025-08-21
user_189,ETHUSD,SELL,1.285071,26178.08,2025-07-10
user_145,BTCUSD,SELL,1.422814,38385.73,2025-04-10
user_073,SOLUSD,BUY,2.248412,57108.94,2025-06-09
user_181,BTCUSD,BUY,5.973117,22952.8,2025-07-22
user_020,BTCUSD,BUY,1.5589,59247.52,2025-04-25
user_108,ETHUSD,BUY,0.531975,3475.4,2025-07-01
user_190,ETHUSD,SELL,2.264295,2692.87,2025-05-21
user_048,ETHUSD,SELL,0.705588,24908.58,2025-05-22
user_169,SOLUSD,BUY,0.673164,12898.61,2025-07-03
user_128,SOLUSD,SELL,0.467364,11280.71,2025-04-08
user_035,ETHUSD,SELL,1.632638,28279.51,2025-03-23
user_077,BTCUSD,BUY,1.044219,24836.79,2025-07-10
user_117,SOLUSD,BUY,2.215951,34689.91,2025-06-12
user_038,ETHUSD,SELL,0.640926,12837.98,2025-03-16
user_147,XRPUSD,BUY,0.448187,34312.88,2025-06-05
user_085,XRPUSD,BUY,2.319762,15296.52,2025-06-29
user_168,SOLUSD,SELL,2.566608,46781.1,2025-07-22
user_156,XRPUSD,BUY,0.699057,20995.03,2025-05-22
user_198,XRPUSD,BUY,0.802797,35868.67,2025-06-19
user_085,XRPUSD,BUY,1.44815,51785.45,2025-08-24
user_140,XRPUSD,SELL,0.574983,17595.5,2025-03-01
user_165,BTCUSD,SELL,0.382582,21682.09,2025-07-09
user_131,ETHUSD,BUY,0.909902,1328.01,2025-07-21
user_060,XRPUSD,BUY,1.028163,47334.32,2025-07-31
user_126,ETHUSD,BUY,1.631763,8567.18,2025-05-21
user_061,BTCUSD,BUY,1.392203,42931.47,2025-03-22
user_110,SOLUSD,BUY,1.350194,54193.47,2025-06-04
user_010,ETHUSD,SELL,1.037931,37210.37,2025-08-21
user_070,XRPUSD,BUY,0.454634,35775.62,2025-03-07
user_142,SOLUSD,BUY,0.859345,10546.87,2025-05-24
user_011,SOLUSD,SELL,1.521179,15210.18,2025-05-09
user_078,ETHUSD,SELL,1.148804,36327.08,2025-06-06
user_136,SOLUSD,BUY,7.887026,36982.3,2025-05-01
user_126,ETHUSD,BUY,1.589056,27146.54,2025-04-09
user_009,SOLUSD,SELL,0.581428,31047.74,2025-06-02
user_134,ETHUSD,BUY,1.452974,44925.93,2025-06-23
user_093,SOLUSD,SELL,2.383368,31367.13,2025-03-26
user_058,XRPUSD,SELL,0.407334,47514.54,2025-08-19
user_056,XRPUSD,SELL,3.388838,28101.57,2025-05-14
user_099,XRPUSD,BUY,2.257229,42141.85,2025-06-23
user_088,ETHUSD,BUY,3.189453,47115.1,2025-05-16
user_006,XRPUSD,BUY,2.875753,29840.46,2025-04-21
user_174,ETHUSD,BUY,1.148935,57398.49,2025-04-21
user_014,ETHUSD,SELL,0.683804,49776.77,2025-07-04
user_056,ETHUSD,SELL,1.598175,33099.74,2025-03-30
user_146,BTCUSD,BUY,0.966013,31041.35,2025-04-15
user_155,ETHUSD,SELL,0.648895,50342.43,2025-05-10
user_027,SOLUSD,BUY,0.635171,39209.43,2025-06-22
user_031,XRPUSD,SELL,2.922187,34618.89,2025-08-03
user_143,BTCUSD,BUY,0.870541,20473.93,2025-06-19
user_014,ETHUSD,SELL,0.78933,11737.05,2025-05-15
user_084,XRPUSD,BUY,0.843283,17426.33,2025-05-25
user_076,BTCUSD,BUY,1.78265,12381.63,2025-05-30
user_199,SOLUSD,BUY,3.624296,12504.8,2025-05-18
user_055,XRPUSD,SELL,0.142039,36518.13,2025-06-20
user_090,ETHUSD,BUY,0.628967,35131.25,2025-03-10
user_065,XRPUSD,SELL,2.99323,30143.09,2025-05-12
user_034,XRPUSD,BUY,1.713895,48089.17,2025-06-25
user_068,XRPUSD,SELL,0.618306,38931.1,2025-08-12
user_073,XRPUSD,BUY,1.592576,27326.95,2025-04-06
user_002,BTCUSD,SELL,0.950514,15960.05,2025-05-25
user_058,BTCUSD,SELL,3.551363,50757.45,2025-08-18
user_057,BTCUSD,BUY,0.632736,21400.96,2025-03-26
user_028,ETHUSD,BUY,1.705386,55273.69,2025-03-27
user_034,ETHUSD,BUY,0.441786,11005.77,2025-06-21
user_001,BTCUSD,BUY,1.024258,47972.76,2025-08-18
user_170,ETHUSD,BUY,2.959081,30337.41,2025-06-20
user_076,ETHUSD,BUY,3.131284,54038.63,2025-04-20
user_106,ETHUSD,SELL,0.577318,19221.9,2025-04-12
user_127,ETHUSD,BUY,0.376672,11012.73,2025-06-03
user_001,BTCUSD,SELL,0.945412,46675.63,2025-05-22
user_146,XRPUSD,SELL,1.668083,25758.73,2025-06-10
user_081,XRPUSD,BUY,0.726061,59702.97,2025-06-06
user_162,XRPUSD,BUY,0.720452,22371.44,2025-02-26
user_044,ETHUSD,BUY,1.860658,44698.12,2025-04-25
user_125,BTCUSD,BUY,0.473335,14575.47,2025-06-22
user_160,SOLUSD,BUY,1.076721,58355.65,2025-04-27
user_104,ETHUSD,SELL,1.532394,28686.32,2025-06-16
user_174,SOLUSD,SELL,0.667304,44918.61,2025-08-03
user_021,SOLUSD,SELL,0.66328,21241.11,2025-04-03
user_187,BTCUSD,BUY,4.272467,45264.01,2025-08-04
user_013,BTCUSD,SELL,2.332635,40793.79,2025-07-18
user_023,ETHUSD,BUY,0.698311,34664.37,2025-04-19
user_192,BTCUSD,BUY,0.474171,42628.08,2025-07-24
user_089,ETHUSD,SELL,0.75848,5490.04,2025-08-14
user_115,XRPUSD,BUY,1.53931,24024.65,2025-07-31
user_035,ETHUSD,BUY,1.038347,21834.49,2025-04-28
user_085,BTCUSD,BUY,0.595422,21805.78,2025-05-22
user_143,BTCUSD,SELL,1.635466,17485.53,2025-07-31
user_002,XRPUSD,SELL,0.499799,32926.59,2025-05-16
user_038,BTCUSD,BUY,1.403422,51454.22,2025-06-28
user_067,ETHUSD,BUY,4.461354,4524.13,2025-05-10
user_123,BTCUSD,SELL,1.230923,26945.84,2025-08-06
user_118,XRPUSD,SELL,1.273912,16870.45,2025-03-11
user_006,ETHUSD,BUY,0.619562,17243.08,2025-05-15
user_091,SOLUSD,SELL,0.944633,30405.56,2025-05-27
user_144,SOLUSD,SELL,0.778745,35083.76,2025-06-16
user_146,BTCUSD,SELL,1.264964,29337.66,2025-08-06
user_035,SOLUSD,SELL,0.750985,32219.11,2025-05-24
user_189,SOLUSD,BUY,0.793266,10451.33,2025-08-10
user_189,ETHUSD,BUY,2.224312,33113.09,2025-04-19
user_086,XRPUSD,BUY,1.126488,49916.41,2025-04-30
user_103,BTCUSD,SELL,1.778516,45424.35,2025-03-28
user_192,SOLUSD,SELL,5.103816,24406.74,2025-07-26
user_179,ETHUSD,SELL,1.336522,31842.42,2025-08-10
user_080,BTCUSD,BUY,4.079178,24604.78,2025-06-02
user_037,SOLUSD,BUY,1.156617,5995.03,2025-07-24
user_051,SOLUSD,BUY,1.757277,57007.91,2025-07-15
user_194,SOLUSD,BUY,2.280339,25728.68,2025-04-24
user_025,BTCUSD,BUY,0.9192,53933.75,2025-03-19
user_191,XRPUSD,BUY,1.559147,46412.68,2025-05-13
user_141,XRPUSD,BUY,0.888985,35745.65,2025-08-18
user_099,BTCUSD,SELL,1.466034,5624.41,2025-05-25
user_197,BTCUSD,SELL,0.708839,44451.35,2025-07-09
user_192,ETHUSD,BUY,0.551251,1492.62,2025-04-25
user_022,ETHUSD,SELL,0.674426,46140.38,2025-08-14
user_037,SOLUSD,SELL,0.955407,8487.49,2025-07-25
user_153,ETHUSD,SELL,1.168574,56908.88,2025-03-08
user_035,SOLUSD,BUY,2.24834,17428.75,2025-05-13
user_129,ETHUSD,BUY,4.080195,49916.48,2025-05-22
user_191,BTCUSD,SELL,0.812869,25287.21,2025-08-12
user_093,SOLUSD,SELL,0.565651,6089.12,2025-03-12
user_177,ETHUSD,SELL,2.775309,23206.01,2025-03-20
user_159,SOLUSD,BUY,2.082671,30584.17,2025-07-31
user_044,ETHUSD,SELL,0.927012,43023.73,2025-08-05
user_113,ETHUSD,BUY,1.163835,4219.01,2025-05-22
user_165,BTCUSD,BUY,0.733248,16124.39,2025-05-12
user_188,BTCUSD,BUY,2.806583,33658.01,2025-03-08
user_155,XRPUSD,SELL,1.353538,56172.13,2025-05-18
user_092,ETHUSD,SELL,0.828891,23343.62,2025-05-11
user_148,BTCUSD,BUY,1.43289,40112.44,2025-06-12
user_068,SOLUSD,BUY,1.482362,45399.02,2025-08-15
user_172,ETHUSD,BUY,3.150644,16401.45,2025-03-27
user_012,ETHUSD,SELL,2.109012,52311.42,2025-07-19
user_011,ETHUSD,SELL,0.446643,58188.87,2025-04-08
user_051,XRPUSD,SELL,2.404412,51093.33,2025-08-23
user_057,SOLUSD,BUY,0.729145,37394.16,2025-04-06
user_154,SOLUSD,SELL,2.560127,35071.09,2025-05-17
user_185,ETHUSD,BUY,0.377157,36395.47,2025-06-11
user_116,SOLUSD,BUY,2.307937,10213.19,2025-03-28
user_157,XRPUSD,BUY,1.42338,22043.96,2025-07-30
user_005,XRPUSD,BUY,0.354627,58689.41,2025-08-11
user_031,XRPUSD,SELL,1.735291,15796.38,2025-07-08
user_065,BTCUSD,BUY,2.307124,4813.02,2025-06-01
user_101,SOLUSD,BUY,1.041607,49243.07,2025-05-12
user_131,BTCUSD,BUY,0.800369,54175.74,2025-03-12
user_091,BTCUSD,SELL,1.160602,2361.42,2025-04-23
user_141,SOLUSD,SELL,0.705907,4281.29,2025-04-01
user_070,SOLUSD,SELL,1.122016,53233.39,2025-04-05
user_063,SOLUSD,SELL,0.678117,37231.87,2025-04-20
user_090,SOLUSD,SELL,1.696263,47682.83,2025-07-13
user_121,BTCUSD,SELL,1.044642,53851.02,2025-06-01
user_137,BTCUSD,SELL,2.208672,30475.93,2025-07-21
user_034,XRPUSD,BUY,0.708007,20527.71,2025-05-08
user_067,SOLUSD,SELL,0.775136,9872.3,2025-05-05
user_128,SOLUSD,SELL,2.196747,28656.67,2025-07-15
user_078,ETHUSD,BUY,0.600361,22508.73,2025-04-26
user_039,SOLUSD,SELL,0.485969,26850.21,2025-04-28
user_008,SOLUSD,BUY,0.7764,37481.89,2025-08-06
user_152,SOLUSD,SELL,1.721978,8088.19,2025-05-17
user_146,XRPUSD,BUY,1.044825,46035.29,2025-07-03
user_053,XRPUSD,SELL,2.491643,36044.67,2025-06-17
user_185,ETHUSD,SELL,1.490025,57770.57,2025-05-05
user_006,BTCUSD,BUY,2.662253,52656.13,2025-08-16
user_134,BTCUSD,SELL,1.635758,42877.86,2025-05-27
user_159,XRPUSD,BUY,0.322393,51271.01,2025-07-23
user_157,ETHUSD,SELL,1.260404,28839.89,2025-08-07
user_002,XRPUSD,SELL,0.676569,29846.11,2025-05-04
user_071,BTCUSD,BUY,1.272234,41892.48,2025-07-02
user_032,ETHUSD,BUY,0.43553,13413.4,2025-04-15
user_049,BTCUSD,SELL,5.061982,18587.12,2025-04-15
user_159,BTCUSD,BUY,0.548673,37307.38,2025-07-09
user_080,SOLUSD,BUY,1.839263,35388.36,2025-04-30
user_005,SOLUSD,SELL,1.117087,31631.32,2025-05-30
user_044,SOLUSD,BUY,0.553878,2405.26,2025-05-21
user_118,ETHUSD,SELL,1.088903,20805.16,2025-06-06
user_164,ETHUSD,SELL,2.761596,19138.04,2025-07-31
user_131,ETHUSD,BUY,0.889704,9633.46,2025-04-18
user_031,SOLUSD,SELL,1.431099,12798.58,2025-04-08
user_125,BTCUSD,SELL,2.513365,19865.41,2025-08-23
user_004,BTCUSD,BUY,1.537822,10415.99,2025-02-28
user_039,SOLUSD,SELL,1.586883,14769.65,2025-07-21
user_180,BTCUSD,BUY,0.457163,52638.04,2025-07-10
user_128,ETHUSD,BUY,1.424706,20184.43,2025-05-05
user_141,ETHUSD,BUY,1.201902,12768.56,2025-04-03
user_128,BTCUSD,BUY,3.044025,35465.53,2025-07-21
user_119,XRPUSD,BUY,5.812003,20858.56,2025-04-10
user_005,SOLUSD,SELL,1.359248,49262.47,2025-06-20
user_047,BTCUSD,SELL,4.747406,18031.59,2025-05-31
user_174,SOLUSD,BUY,0.894178,5810.94,2025-08-16
user_045,SOLUSD,SELL,2.710091,58674.91,2025-06-19
user_051,XRPUSD,SELL,5.572822,40251.12,2025-05-15
user_115,ETHUSD,BUY,1.282929,21751.11,2025-03-14
user_169,SOLUSD,SELL,1.641873,23237.35,2025-07-05
user_092,ETHUSD,SELL,1.439971,39423.48,2025-07-24
user_185,BTCUSD,SELL,0.669431,19962.44,2025-06-05
user_200,XRPUSD,SELL,1.675289,6536.66,2025-05-14
user_019,BTCUSD,SELL,2.697532,36654.21,2025-07-09
user_008,SOLUSD,BUY,1.496408,10795.23,2025-05-28
user_046,ETHUSD,BUY,2.630966,18170.46,2025-05-01
user_141,SOLUSD,BUY,1.246172,49960.76,2025-06-06
user_193,XRPUSD,SELL,1.325666,43059.87,2025-08-15
user_076,ETHUSD,BUY,0.366508,52833.03,2025-03-02
user_101,BTCUSD,SELL,0.4479,11085.79,2025-07-30
user_106,ETHUSD,BUY,3.20469,45604.55,2025-05-19
user_060,BTCUSD,SELL,1.749429,10880.88,2025-03-17
user_161,SOLUSD,BUY,0.554824,5472.32,2025-08-09
user_198,ETHUSD,SELL,0.611221,38836.08,2025-03-07
user_040,XRPUSD,SELL,0.556849,9661.39,2025-05-07
user_164,SOLUSD,SELL,1.18077,29460.99,2025-07-31
user_188,SOLUSD,SELL,1.865921,26087.32,2025-03-12
user_100,ETHUSD,BUY,0.848586,59405.28,2025-08-23
user_016,BTCUSD,SELL,1.146649,33455.89,2025-08-22
user_193,BTCUSD,SELL,1.17606,26230.35,2025-08-16
user_075,SOLUSD,SELL,0.80159,1452.02,2025-04-20
user_180,BTCUSD,BUY,1.573418,14263.89,2025-06-08
user_030,ETHUSD,BUY,1.173005,15258.2,2025-08-13
user_137,SOLUSD,BUY,1.579213,21171.17,2025-05-02
user_136,XRPUSD,BUY,1.877939,49277.05,2025-04-28
user_140,SOLUSD,SELL,0.296894,26242.23,2025-04-08
user_016,BTCUSD,BUY,1.443616,3955.41,2025-04-04
user_081,XRPUSD,BUY,1.226005,43876.74,2025-06-27
user_013,ETHUSD,BUY,1.62833,40598.24,2025-03-08
user_114,ETHUSD,SELL,2.782982,2680.69,2025-08-03
user_090,ETHUSD,BUY,1.188667,57370.38,2025-03-02
user_193,BTCUSD,BUY,0.3389,31913.96,2025-07-07
user_141,SOLUSD,SELL,0.721316,48074.84,2025-05-20
user_024,SOLUSD,BUY,5.077719,29999.86,2025-06-25
user_156,XRPUSD,BUY,0.847648,37880.02,2025-08-16
user_001,XRPUSD,BUY,0.8238,15208.83,2025-06-28
user_073,SOLUSD,SELL,0.67155,36914.37,2025-07-18
user_143,ETHUSD,SELL,0.752143,2101.61,2025-04-22
user_145,BTCUSD,BUY,1.065232,5444.37,2025-04-18
user_045,BTCUSD,BUY,0.227527,33330.92,2025-05-03
user_040,BTCUSD,BUY,1.032306,43252.31,2025-04-15
user_168,SOLUSD,BUY,0.697236,16690.43,2025-04-30
user_024,SOLUSD,SELL,0.790956,115.77,2025-07-02
user_016,ETHUSD,BUY,1.399342,13376.18,2025-08-23
user_160,BTCUSD,BUY,0.772964,59658.04,2025-06-08
user_022,SOLUSD,BUY,1.534174,42305.62,2025-05-17
user_011,SOLUSD,BUY,0.75784,19334.71,2025-04-07
user_147,XRPUSD,SELL,1.81544,51143.92,2025-06-30
user_138,XRPUSD,BUY,0.29467,23177.35,2025-06-04
user_139,ETHUSD,SELL,0.983834,12446.69,2025-06-23
user_112,XRPUSD,SELL,0.736104,56353.03,2025-07-17
user_171,SOLUSD,BUY,0.926093,17586.38,2025-03-16
user_015,BTCUSD,SELL,1.194398,3022.46,2025-04-10
user_001,ETHUSD,SELL,0.995054,55913.68,2025-04-23
user_062,ETHUSD,SELL,0.559041,8721.25,2025-02-27
user_076,SOLUSD,SELL,0.539231,1813.2,2025-06-24
user_010,SOLUSD,SELL,0.515319,2186.03,2025-07-21
user_127,SOLUSD,SELL,1.178273,18405.83,2025-03-03
user_173,ETHUSD,SELL,1.661857,22726.69,2025-05-25
user_123,XRPUSD,BUY,0.600542,13673.35,2025-04-08
user_089,SOLUSD,BUY,2.949638,6119.22,2025-07-29
user_055,XRPUSD,SELL,0.632295,4188.2,2025-03-03
user_101,BTCUSD,BUY,1.649041,25623.0,2025-05-11
user_169,BTCUSD,SELL,0.537064,10355.52,2025-04-15
user_117,ETHUSD,SELL,1.439784,34194.01,2025-03-12
user_048,ETHUSD,SELL,2.609523,32752.93,2025-03-18
user_155,ETHUSD,SELL,0.705166,26005.7,2025-05-06
user_036,ETHUSD,SELL,1.028622,24042.65,2025-04-08
user_181,ETHUSD,SELL,1.497998,39949.69,2025-04-02
user_138,SOLUSD,SELL,1.54579,41919.63,2025-03-30
user_176,BTCUSD,SELL,2.51615,22382.16,2025-06-04
user_166,SOLUSD,BUY,0.412132,40817.99,2025-08-22
user_040,SOLUSD,SELL,1.033803,13294.9,2025-03-10
user_096,SOLUSD,BUY,0.562268,16096.12,2025-03-12
user_194,BTCUSD,SELL,0.717404,19833.56,2025-03-08
user_160,SOLUSD,BUY,0.646052,3169.86,2025-05-06
user_172,XRPUSD,SELL,1.070652,17581.72,2025-05-27
user_088,BTCUSD,BUY,0.693101,24293.45,2025-07-11
user_015,SOLUSD,SELL,0.861377,17048.88,2025-08-17
user_185,SOLUSD,SELL,0.946264,9780.7,2025-05-06
user_093,BTCUSD,SELL,1.35805,32842.09,2025-03-09
user_093,ETHUSD,BUY,1.491006,22647.13,2025-04-08
user_016,SOLUSD,SELL,1.203911,37095.84,2025-03-29
user_085,ETHUSD,SELL,1.004476,7349.52,2025-07-06
user_084,XRPUSD,SELL,2.274851,22653.06,2025-07-05
user_013,XRPUSD,SELL,0.624226,130.4,2025-05-08
user_046,XRPUSD,BUY,1.914303,52347.22,2025-08-12
user_051,SOLUSD,BUY,0.373939,15774.77,2025-04-10
user_196,ETHUSD,SELL,0.875236,14439.87,2025-02-26
user_136,XRPUSD,BUY,1.505493,10228.19,2025-06-10
user_146,ETHUSD,BUY,0.838027,33715.66,2025-07-28
user_023,ETHUSD,SELL,1.975712,23878.69,2025-06-06
user_105,ETHUSD,SELL,1.282578,48642.22,2025-07-18
user_031,ETHUSD,BUY,1.513907,5585.92,2025-03-29
user_039,ETHUSD,BUY,1.912436,974.64,2025-04-13
user_113,SOLUSD,SELL,1.493208,31561.79,2025-03-13
user_169,XRPUSD,SELL,3.627169,15179.51,2025-08-18
user_147,XRPUSD,SELL,0.831854,24022.62,2025-06-02
user_068,SOLUSD,BUY,0.791059,44411.19,2025-06-01
user_163,XRPUSD,BUY,2.007677,29495.79,2025-06-05
user_168,SOLUSD,SELL,0.528423,53127.6,2025-05-24
user_044,BTCUSD,BUY,0.90671,5808.92,2025-03-28
user_083,SOLUSD,SELL,0.376918,20115.84,2025-03-25
user_192,SOLUSD,SELL,3.756035,11892.65,2025-05-29
user_110,ETHUSD,SELL,1.145872,13093.35,2025-03-01
user_054,ETHUSD,BUY,0.426592,28930.87,2025-03-07
user_065,XRPUSD,BUY,3.207832,50169.73,2025-04-10
user_137,BTCUSD,BUY,5.081171,39409.93,2025-04-24
user_162,ETHUSD,BUY,1.095083,48218.68,2025-07-12
user_047,XRPUSD,BUY,0.739228,20536.96,2025-08-12
user_053,ETHUSD,SELL,1.255647,59359.08,2025-08-03
user_140,XRPUSD,BUY,1.43463,50578.01,2025-07-12
user_166,ETHUSD,SELL,0.443531,35197.65,2025-08-07
user_045,SOLUSD,BUY,0.681083,21706.28,2025-06-05
user_074,XRPUSD,BUY,0.953806,10932.23,2025-08-09
user_169,ETHUSD,BUY,0.832233,6606.79,2025-06-17
user_191,BTCUSD,SELL,3.335804,16010.32,2025-04-16
user_055,BTCUSD,SELL,1.034823,27664.18,2025-05-05
user_148,XRPUSD,BUY,0.334412,26010.16,2025-04-26
user_052,XRPUSD,SELL,1.386624,17908.23,2025-04-02
user_157,ETHUSD,SELL,1.103102,36920.0,2025-05-24
user_186,ETHUSD,BUY,0.958061,12010.95,2025-06-05
user_162,BTCUSD,SELL,0.362665,33495.95,2025-07-08
user_039,BTCUSD,SELL,0.93206,22088.65,2025-03-28
user_072,SOLUSD,SELL,1.276954,28635.88,2025-04-05
user_090,SOLUSD,BUY,3.538252,35810.63,2025-03-18
user_100,ETHUSD,BUY,0.780233,17729.32,2025-06-14
user_155,SOLUSD,SELL,1.932856,23709.46,2025-08-02
user_157,SOLUSD,BUY,0.894468,43062.34,2025-07-01
user_121,ETHUSD,SELL,1.249763,24815.2,2025-03-12
user_168,XRPUSD,SELL,1.580215,34048.28,2025-06-06
user_038,XRPUSD,BUY,5.497338,8817.73,2025-07-02
user_067,BTCUSD,SELL,2.513587,41913.61,2025-06-30
user_090,ETHUSD,BUY,0.595372,46226.99,2025-07-20
user_051,XRPUSD,BUY,1.351861,51959.3,2025-06-20
user_112,ETHUSD,BUY,1.235934,28926.07,2025-04-05
user_193,XRPUSD,SELL,1.49537,21143.34,2025-07-13
user_013,XRPUSD,BUY,0.41968,20911.87,2025-06-21
user_039,SOLUSD,BUY,1.07425,43078.65,2025-06-15
user_115,SOLUSD,BUY,0.672668,44962.2,2025-03-31
user_072,BTCUSD,SELL,0.609777,10678.38,2025-04-20
user_140,ETHUSD,SELL,1.91753,41666.18,2025-02-26
user_167,ETHUSD,BUY,3.090833,12867.52,2025-06-20
user_013,XRPUSD,BUY,2.004227,21973.72,2025-04-19
user_124,SOLUSD,SELL,3.515942,26275.17,2025-06-03
user_084,XRPUSD,BUY,0.910128,38513.27,2025-05-19
user_049,XRPUSD,BUY,7.893828,10866.96,2025-04-06
user_012,BTCUSD,SELL,0.234202,27666.62,2025-03-31
user_173,XRPUSD,BUY,3.936878,28168.23,2025-06-01
user_081,SOLUSD,BUY,1.184367,37777.9,2025-06-05
user_009,ETHUSD,SELL,1.200645,42992.05,2025-03-10
user_067,SOLUSD,SELL,0.272422,8395.22,2025-06-07
user_023,BTCUSD,SELL,0.993711,4521.78,2025-05-04
user_039,XRPUSD,SELL,0.678438,49364.75,2025-07-08
user_130,XRPUSD,BUY,0.434076,6888.3,2025-07-11
user_094,BTCUSD,SELL,1.497161,20528.35,2025-04-23
user_073,SOLUSD,BUY,2.293518,7077.25,2025-03-03
user_125,BTCUSD,BUY,0.917291,8429.11,2025-05-23
user_118,XRPUSD,BUY,0.695754,16069.94,2025-07-01
user_014,BTCUSD,SELL,1.205921,8725.11,2025-06-11
user_064,XRPUSD,SELL,0.733073,45406.37,2025-06-09
user_072,XRPUSD,SELL,1.737971,11401.02,2025-07-02
user_102,SOLUSD,SELL,0.720234,43284.78,2025-03-01
user_185,BTCUSD,BUY,2.053927,2329.32,2025-04-17
user_011,XRPUSD,SELL,0.318346,29719.71,2025-08-20
user_107,SOLUSD,SELL,1.070015,8490.13,2025-06-07
user_133,SOLUSD,SELL,0.481816,26230.98,2025-06-20
user_008,SOLUSD,BUY,0.935458,35708.79,2025-08-09
user_184,XRPUSD,SELL,0.876511,58599.87,2025-08-07
user_150,XRPUSD,SELL,4.115711,32370.09,2025-06-12
user_199,BTCUSD,BUY,0.773404,29906.49,2025-06-15
user_142,SOLUSD,BUY,0.945079,36863.81,2025-06-14
user_176,BTCUSD,BUY,2.153846,31698.71,2025-06-06
user_061,ETHUSD,BUY,0.40598,33332.35,2025-05-08
user_174,SOLUSD,SELL,0.374859,8477.1,2025-03-25
user_183,XRPUSD,SELL,0.547506,59107.72,2025-08-24
user_079,XRPUSD,BUY,0.248228,21093.77,2025-04-01
user_093,ETHUSD,BUY,0.578654,3938.23,2025-04-29
user_157,XRPUSD,BUY,1.430478,52293.81,2025-06-01
user_187,ETHUSD,SELL,0.587125,30279.63,2025-03-20
user_024,SOLUSD,BUY,2.458837,8153.29,2025-05-03
user_048,XRPUSD,SELL,0.840593,45424.41,2025-03-21
user_011,XRPUSD,BUY,1.261039,32814.72,2025-05-11
user_157,XRPUSD,SELL,1.791211,59164.45,2025-07-21
user_141,BTCUSD,SELL,0.823216,15268.4,2025-05-14
user_067,XRPUSD,SELL,1.697241,44833.94,2025-04-29
user_059,SOLUSD,SELL,1.868571,57434.56,2025-04-08
user_045,SOLUSD,BUY,4.624999,49434.4,2025-07-03
user_011,SOLUSD,SELL,0.990056,28777.39,2025-06-04
user_121,SOLUSD,SELL,0.272814,46851.73,2025-03-27
user_061,BTCUSD,BUY,0.957675,41174.88,2025-08-09
user_073,ETHUSD,SELL,0.235382,4364.65,2025-04-28
user_116,BTCUSD,SELL,0.4331,400.0,2025-04-05
user_083,BTCUSD,BUY,0.193035,47764.25,2025-06-24
user_047,XRPUSD,SELL,2.036143,32563.82,2025-07-18
user_033,XRPUSD,SELL,1.127967,21580.99,2025-07-18
user_149,BTCUSD,SELL,5.305207,8367.16,2025-04-23
user_077,SOLUSD,SELL,1.475477,22664.71,2025-03-23
user_016,ETHUSD,BUY,0.671039,57678.27,2025-03-16
user_019,XRPUSD,SELL,0.98192,18761.06,2025-07-08
user_031,SOLUSD,SELL,1.012378,53136.23,2025-06-14
user_186,BTCUSD,BUY,0.504613,12157.92,2025-08-20
user_073,SOLUSD,SELL,1.158375,18682.53,2025-05-04
user_121,BTCUSD,SELL,0.329002,44825.77,2025-04-06
user_004,SOLUSD,SELL,2.120798,36981.45,2025-07-22
user_092,ETHUSD,SELL,1.10732,19877.27,2025-05-02
user_069,SOLUSD,BUY,2.351342,59776.33,2025-03-09
user_113,XRPUSD,SELL,0.570885,48549.54,2025-08-07
user_168,XRPUSD,BUY,0.290637,5327.29,2025-05-12
user_006,BTCUSD,BUY,0.653012,8366.96,2025-04-02
user_087,XRPUSD,BUY,0.9568,288.4,2025-04-10
user_006,ETHUSD,BUY,1.422362,38098.49,2025-07-23
user_134,XRPUSD,SELL,2.709049,31159.76,2025-07-24
user_040,XRPUSD,SELL,1.201864,50985.95,2025-04-09
user_082,ETHUSD,SELL,1.185915,48729.81,2025-04-09
user_064,SOLUSD,BUY,1.426483,34933.97,2025-05-03
user_143,XRPUSD,SELL,0.466463,31681.36,2025-07-03
user_172,BTCUSD,BUY,0.595658,6138.77,2025-06-13
user_049,SOLUSD,BUY,1.073724,54137.87,2025-07-06
user_198,ETHUSD,BUY,0.422759,16765.23,2025-03-19
user_148,XRPUSD,BUY,1.87076,36615.59,2025-03-06
user_092,ETHUSD,SELL,0.440997,3648.39,2025-08-09
user_127,BTCUSD,BUY,0.257389,8332.96,2025-03-24
user_071,SOLUSD,SELL,3.31768,2891.04,2025-03-02
user_109,ETHUSD,BUY,0.614405,20080.12,2025-05-27
user_113,BTCUSD,BUY,2.207617,11421.34,2025-07-10
user_103,XRPUSD,BUY,1.754451,43891.91,2025-08-13
user_197,XRPUSD,SELL,1.780442,14115.95,2025-08-09
user_198,SOLUSD,SELL,2.116801,38037.85,2025-08-13
user_143,XRPUSD,SELL,0.501165,29586.0,2025-08-11
user_098,XRPUSD,BUY,3.728428,41644.77,2025-05-25
user_075,ETHUSD,BUY,1.051387,14789.33,2025-06-08
user_003,XRPUSD,SELL,1.233913,36112.4,2025-05-13
user_074,BTCUSD,SELL,1.298608,5340.2,2025-08-08
user_166,ETHUSD,SELL,0.537124,29440.13,2025-04-12
user_036,BTCUSD,BUY,0.702016,12425.12,2025-07-26
user_150,XRPUSD,BUY,1.254969,20129.1,2025-06-04
user_123,BTCUSD,SELL,3.057069,31745.99,2025-08-14
user_146,XRPUSD,BUY,0.517275,22932.69,2025-03-28
user_044,ETHUSD,SELL,0.902329,46233.81,2025-04-17
user_069,SOLUSD,BUY,1.082706,2469.87,2025-03-18
user_022,SOLUSD,BUY,1.234577,31673.87,2025-05-28
user_021,SOLUSD,SELL,2.689777,42277.67,2025-08-08
user_131,SOLUSD,SELL,0.48529,52719.07,2025-06-14
user_175,SOLUSD,SELL,1.224062,2449.91,2025-07-01
user_076,SOLUSD,SELL,1.669339,54284.61,2025-02-28
user_160,ETHUSD,BUY,2.231212,53848.81,2025-04-19
user_073,ETHUSD,BUY,1.216656,7489.04,2025-06-20
user_080,SOLUSD,BUY,0.746486,4717.33,2025-08-14
user_122,SOLUSD,BUY,0.585815,43676.86,2025-06-13
user_142,XRPUSD,SELL,1.018583,58136.75,2025-05-28
user_068,XRPUSD,SELL,0.386469,50593.95,2025-05-23
user_055,ETHUSD,BUY,1.456544,51187.67,2025-04-20
user_059,XRPUSD,SELL,1.826385,52068.87,2025-04-07
user_197,XRPUSD,SELL,3.051642,9805.87,2025-03-02
user_071,SOLUSD,SELL,0.853196,51492.12,2025-05-18
user_150,BTCUSD,SELL,1.625894,29863.32,2025-04-29
user_174,ETHUSD,BUY,2.444481,1784.67,2025-08-22
user_193,XRPUSD,BUY,1.378854,21782.93,2025-03-07
user_022,XRPUSD,SELL,1.546906,50922.79,2025-08-02
user_151,BTCUSD,BUY,1.549789,10161.26,2025-03-03
user_120,BTCUSD,SELL,0.642778,47108.03,2025-04-11
user_087,SOLUSD,SELL,1.515356,14715.11,2025-03-28
user_166,ETHUSD,BUY,0.885414,59175.95,2025-07-01
user_074,BTCUSD,BUY,3.566879,34797.83,2025-03-19
user_105,XRPUSD,SELL,0.415172,44073.86,2025-04-09
user_009,XRPUSD,SELL,2.958198,29698.19,2025-03-29
user_199,BTCUSD,BUY,1.143131,49829.27,2025-06-23
user_092,ETHUSD,BUY,0.951335,14215.74,2025-07-19
user_109,SOLUSD,BUY,1.591266,49080.58,2025-07-17
user_076,SOLUSD,BUY,0.434385,14984.72,2025-06-02
user_140,SOLUSD,BUY,0.70389,42038.92,2025-08-05
user_135,XRPUSD,SELL,0.6238,57104.47,2025-07-17
user_144,SOLUSD,BUY,0.798683,10148.39,2025-08-19
user_184,BTCUSD,BUY,3.808253,27665.98,2025-07-21
user_186,SOLUSD,SELL,0.355853,30620.37,2025-07-19
user_062,XRPUSD,SELL,2.260833,7821.55,2025-03-20
user_134,SOLUSD,SELL,0.599425,2954.83,2025-05-10
user_200,BTCUSD,BUY,1.028933,51435.82,2025-04-23
user_036,BTCUSD,BUY,1.410002,8947.48,2025-03-23
user_022,BTCUSD,SELL,0.424909,15759.03,2025-07-10
user_197,ETHUSD,SELL,0.562278,2767.28,2025-06-06
user_153,ETHUSD,SELL,0.84962,52630.82,2025-07-21
user_003,ETHUSD,SELL,0.714151,43371.99,2025-03-19
user_160,SOLUSD,SELL,2.036213,8782.08,2025-08-03
user_083,BTCUSD,SELL,1.478575,59318.26,2025-04-28
user_105,XRPUSD,SELL,0.386441,4415.93,2025-04-12
user_175,XRPUSD,SELL,0.7757,11961.59,2025-07-13
user_008,ETHUSD,SELL,1.023222,54449.19,2025-05-14
user_138,ETHUSD,SELL,1.330811,32285.94,2025-04-18
user_005,BTCUSD,BUY,0.936638,52693.62,2025-07-12
user_072,BTCUSD,BUY,1.509623,40845.11,2025-08-11
user_166,SOLUSD,SELL,0.730138,32580.57,2025-06-05
user_082,ETHUSD,BUY,1.597771,52624.05,2025-03-26
user_044,ETHUSD,BUY,2.391955,22869.92,2025-03-22
user_101,ETHUSD,BUY,2.243637,12896.7,2025-07-24
user_142,ETHUSD,SELL,1.312343,29149.62,2025-08-13
user_090,XRPUSD,SELL,1.080399,15177.24,2025-08-08
user_122,XRPUSD,BUY,1.641575,21071.06,2025-07-14
user_180,SOLUSD,SELL,1.186925,30581.02,2025-07-08
user_138,ETHUSD,BUY,1.298833,10969.51,2025-06-08
user_052,SOLUSD,SELL,1.353846,59923.41,2025-05-06
user_176,XRPUSD,SELL,2.786852,57183.59,2025-07-05
user_100,BTCUSD,BUY,0.791707,9138.72,2025-08-08
user_165,ETHUSD,SELL,4.761178,30940.47,2025-05-29
user_022,BTCUSD,SELL,0.877104,56559.46,2025-06-09
user_057,XRPUSD,SELL,0.507128,20525.32,2025-07-30
user_177,XRPUSD,SELL,1.3334,36145.83,2025-05-06
user_101,XRPUSD,SELL,0.501031,11636.32,2025-03-05
user_153,XRPUSD,BUY,1.73476,28224.73,2025-04-06
user_078,XRPUSD,BUY,0.784859,26105.0,2025-08-07
user_184,BTCUSD,SELL,2.204301,52840.85,2025-08-23
user_176,XRPUSD,BUY,0.65904,15675.04,2025-06-21
user_066,XRPUSD,BUY,0.891911,7923.56,2025-07-21
user_109,BTCUSD,BUY,2.939372,20423.89,2025-07-02
user_171,BTCUSD,SELL,2.52841,38508.18,2025-03-16
user_144,XRPUSD,SELL,1.14278,10570.21,2025-04-27
user_145,BTCUSD,BUY,0.899399,4520.82,2025-03-01
user_032,XRPUSD,SELL,0.495541,45337.08,2025-04-05
user_057,XRPUSD,SELL,0.339191,30551.41,2025-08-03
user_144,ETHUSD,SELL,0.526488,42540.32,2025-07-11
user_153,SOLUSD,SELL,2.836779,37765.46,2025-07-27
user_073,ETHUSD,SELL,1.371867,47280.34,2025-04-12
user_145,XRPUSD,SELL,0.569823,3150.74,2025-04-09
user_098,BTCUSD,BUY,1.690083,54204.77,2025-03-21
user_062,ETHUSD,SELL,0.567256,32551.08,2025-05-11
user_170,XRPUSD,BUY,2.118182,59534.46,2025-07-05
user_182,ETHUSD,BUY,0.813043,18069.74,2025-03-06
user_001,SOLUSD,SELL,1.932685,29019.8,2025-05-09
user_106,XRPUSD,BUY,0.332879,37622.04,2025-07-07
user_051,BTCUSD,BUY,0.45453,699.43,2025-08-11
user_131,SOLUSD,SELL,1.913485,49821.24,2025-03-03
user_010,BTCUSD,SELL,2.018138,50488.63,2025-03-01
user_089,ETHUSD,BUY,3.041328,29548.78,2025-04-15
user_127,BTCUSD,BUY,1.404939,57092.27,2025-06-17
user_004,BTCUSD,SELL,0.800324,26351.88,2025-08-23
user_048,SOLUSD,SELL,0.908315,36898.89,2025-05-01
user_019,BTCUSD,SELL,1.377153,48475.52,2025-05-02
user_137,BTCUSD,SELL,0.382597,15432.53,2025-03-18
user_110,BTCUSD,BUY,0.311308,31790.81,2025-05-10
user_001,XRPUSD,SELL,2.081976,40018.47,2025-06-02
user_137,SOLUSD,BUY,2.67337,43510.86,2025-03-13
user_189,ETHUSD,BUY,1.314724,51169.79,2025-03-19
user_174,XRPUSD,SELL,0.773338,29249.8,2025-05-30
user_079,XRPUSD,SELL,0.72631,51141.2,2025-04-08
user_108,ETHUSD,BUY,1.00076,10042.35,2025-04-02
user_190,SOLUSD,BUY,0.986353,35164.5,2025-07-11
user_100,ETHUSD,BUY,0.972874,33186.68,2025-08-24
user_084,SOLUSD,BUY,1.37354,10554.59,2025-04-02
user_186,BTCUSD,BUY,0.589584,29483.73,2025-03-18
user_004,BTCUSD,BUY,1.375347,39314.36,2025-08-22
user_105,ETHUSD,SELL,0.519419,9690.79,2025-08-13
user_077,SOLUSD,SELL,1.304681,40286.75,2025-05-11
user_071,XRPUSD,BUY,0.331895,1700.76,2025-05-22
user_034,SOLUSD,BUY,0.574818,26999.25,2025-04-26
user_100,XRPUSD,SELL,2.349602,16054.65,2025-04-07
user_090,ETHUSD,BUY,1.587212,30820.34,2025-05-25
user_026,SOLUSD,SELL,1.718208,16448.5,2025-07-11
user_099,XRPUSD,BUY,4.416838,47778.98,2025-04-01
user_069,XRPUSD,BUY,1.004564,22577.15,2025-08-05
user_137,BTCUSD,SELL,1.524027,44599.26,2025-03-12
user_147,BTCUSD,BUY,0.79783,55193.4,2025-03-20
user_084,XRPUSD,SELL,1.072276,25850.71,2025-03-17
user_197,SOLUSD,BUY,1.327913,13142.18,2025-07-29
user_048,BTCUSD,SELL,0.415603,12369.26,2025-07-23
user_052,ETHUSD,SELL,0.234467,34383.87,2025-03-13
user_022,ETHUSD,BUY,2.118579,59809.56,2025-03-26
user_149,SOLUSD,BUY,1.212516,37579.1,2025-04-15
user_055,ETHUSD,BUY,0.756937,52692.67,2025-07-12
user_109,SOLUSD,BUY,0.449201,28116.29,2025-05-13
user_195,XRPUSD,SELL,1.69336,48541.03,2025-08-10
user_132,SOLUSD,SELL,1.054499,32380.89,2025-07-08
user_068,BTCUSD,BUY,1.191761,9544.06,2025-06-30
user_009,XRPUSD,BUY,0.592119,56504.27,2025-07-14
user_018,XRPUSD,SELL,1.100134,38287.01,2025-06-14
user_119,SOLUSD,BUY,1.64426,53220.31,2025-07-01
user_080,SOLUSD,SELL,0.577305,34560.53,2025-03-07
user_143,ETHUSD,BUY,0.49294,40488.9,2025-04-12
user_150,BTCUSD,SELL,3.749312,23740.72,2025-05-02
user_163,BTCUSD,SELL,0.566439,478.43,2025-08-06
user_127,SOLUSD,SELL,1.062522,3318.52,2025-07-25
user_081,BTCUSD,BUY,0.965573,1269.43,2025-06-06
user_040,SOLUSD,BUY,0.424534,9364.64,2025-07-12
user_190,SOLUSD,SELL,1.801709,47385.92,2025-05-08
user_145,SOLUSD,SELL,1.867637,55293.24,2025-08-02
user_072,BTCUSD,SELL,1.705433,46530.91,2025-07-21
user_066,BTCUSD,SELL,0.928732,19454.04,2025-07-08
user_098,ETHUSD,SELL,1.283269,15416.58,2025-07-29
user_128,ETHUSD,BUY,0.650899,31873.84,2025-03-28
user_124,XRPUSD,SELL,1.191783,55430.83,2025-02-27
user_007,XRPUSD,BUY,1.748996,23588.4,2025-06-06
user_198,BTCUSD,BUY,1.952781,35283.36,2025-08-21
user_059,SOLUSD,SELL,1.340069,36897.77,2025-07-29
user_008,ETHUSD,SELL,1.714519,5299.92,2025-08-05
user_127,BTCUSD,SELL,1.417067,20218.19,2025-07-12
user_187,BTCUSD,BUY,1.93139,57360.92,2025-04-30
user_058,XRPUSD,SELL,0.961359,7231.62,2025-06-21
user_069,BTCUSD,SELL,0.543425,2147.02,2025-03-08
user_038,XRPUSD,SELL,0.63033,16543.0,2025-07-05
user_115,SOLUSD,SELL,0.691334,31017.05,2025-04-25
user_002,ETHUSD,SELL,3.771552,55038.56,2025-05-14
user_118,ETHUSD,BUY,1.476634,15831.41,2025-06-27
user_036,BTCUSD,BUY,1.601629,19460.81,2025-08-04
user_157,BTCUSD,BUY,2.307304,3682.08,2025-03-30
user_194,XRPUSD,BUY,0.429641,29369.2,2025-05-10
user_101,SOLUSD,SELL,1.290066,22845.97,2025-07-03
user_021,BTCUSD,BUY,0.925764,31659.06,2025-04-16
user_020,SOLUSD,BUY,2.421699,42605.03,2025-05-19
user_121,ETHUSD,SELL,1.849229,44223.75,2025-07-04
user_135,XRPUSD,SELL,1.376658,10913.04,2025-05-24
user_116,XRPUSD,SELL,0.705432,5889.95,2025-06-22
user_012,BTCUSD,BUY,1.502157,43005.43,2025-04-12
user_067,SOLUSD,SELL,1.353476,48336.35,2025-04-09
user_003,XRPUSD,BUY,1.180528,48797.06,2025-04-05
user_084,ETHUSD,BUY,1.496591,39013.65,2025-06-01
user_191,ETHUSD,SELL,3.725185,19222.32,2025-03-22
user_185,ETHUSD,BUY,1.678596,55457.05,2025-05-27
user_088,XRPUSD,BUY,0.869078,1879.43,2025-07-28
user_027,SOLUSD,SELL,0.664929,16286.67,2025-06-22
user_036,SOLUSD,SELL,0.117675,4673.95,2025-05-04
user_081,ETHUSD,SELL,0.614191,15718.41,2025-04-23
user_149,BTCUSD,SELL,1.521388,22009.32,2025-04-14
user_010,SOLUSD,SELL,0.629509,27130.07,2025-06-15
user_166,BTCUSD,SELL,1.537259,45093.78,2025-06-30
user_090,SOLUSD,BUY,0.593638,10874.91,2025-05-25
user_167,BTCUSD,BUY,0.595764,29640.19,2025-08-17
user_064,XRPUSD,BUY,1.442296,9166.97,2025-05-25
user_181,BTCUSD,SELL,0.72126,23643.74,2025-03-11
user_122,XRPUSD,BUY,0.917221,35871.08,2025-03-07
user_047,XRPUSD,SELL,2.991238,44489.69,2025-04-11
user_158,BTCUSD,SELL,0.58092,41799.42,2025-07-29
user_025,BTCUSD,BUY,1.493801,35696.67,2025-06-29
user_140,SOLUSD,BUY,0.470994,30610.8,2025-06-07
user_111,XRPUSD,BUY,1.113897,55968.56,2025-05-27
user_056,BTCUSD,SELL,1.029866,20081.32,2025-04-28
user_111,BTCUSD,SELL,1.039743,8399.87,2025-03-27
user_179,BTCUSD,SELL,1.348797,23910.22,2025-06-19
user_140,BTCUSD,BUY,5.615038,30297.64,2025-04-14
user_095,SOLUSD,BUY,1.032873,32207.75,2025-07-17
user_037,XRPUSD,BUY,1.682007,18291.12,2025-07-27
user_142,ETHUSD,SELL,0.890031,5775.66,2025-08-14
user_199,SOLUSD,BUY,0.617165,58695.13,2025-06-20
user_028,SOLUSD,SELL,0.578523,40460.75,2025-06-15
user_018,SOLUSD,BUY,3.854421,37493.98,2025-04-07
user_111,BTCUSD,SELL,1.934457,39979.12,2025-04-14
user_131,ETHUSD,BUY,0.725452,35561.02,2025-08-20
user_009,SOLUSD,SELL,0.376145,2165.35,2025-05-27
user_192,BTCUSD,BUY,2.462163,29547.14,2025-04-17
user_131,ETHUSD,SELL,1.063725,33143.88,2025-04-28
user_128,BTCUSD,BUY,1.671532,21539.11,2025-03-31
user_161,BTCUSD,BUY,0.726866,57395.69,2025-07-05
user_019,ETHUSD,BUY,0.928613,56708.81,2025-05-01
user_115,SOLUSD,BUY,0.716659,48273.95,2025-05-11
user_128,SOLUSD,SELL,1.225415,28829.05,2025-06-10
user_028,XRPUSD,BUY,1.984409,6398.71,2025-03-07
user_025,XRPUSD,BUY,1.560793,3542.01,2025-04-08
user_191,BTCUSD,SELL,1.782512,12572.78,2025-05-25
user_049,ETHUSD,SELL,4.07194,8268.84,2025-07-22
user_171,BTCUSD,BUY,1.65711,14697.04,2025-05-23
user_091,SOLUSD,BUY,0.736254,55243.58,2025-07-03
user_145,SOLUSD,BUY,0.70809,42952.02,2025-06-15
user_048,BTCUSD,BUY,1.968322,21400.82,2025-06-09
user_079,BTCUSD,BUY,1.760321,46033.41,2025-04-05
user_055,BTCUSD,BUY,3.474807,54048.67,2025-04-13
user_192,SOLUSD,BUY,0.71123,7734.41,2025-04-20
user_127,SOLUSD,BUY,1.409948,56774.51,2025-06-10
user_155,BTCUSD,BUY,0.964321,29053.51,2025-07-09
user_195,ETHUSD,SELL,0.403776,29930.1,2025-07-14
user_024,SOLUSD,SELL,0.617852,56072.52,2025-06-01
user_153,XRPUSD,BUY,0.923456,54697.36,2025-03-21
user_179,SOLUSD,BUY,0.504262,20953.67,2025-03-16
user_168,SOLUSD,SELL,0.744955,48297.55,2025-08-18
user_188,XRPUSD,BUY,2.871528,58860.33,2025-08-06
user_018,BTCUSD,BUY,2.3486,59305.13,2025-04-05
user_147,SOLUSD,BUY,0.86499,59029.97,2025-06-29
user_121,BTCUSD,BUY,0.729027,18211.06,2025-06-19
user_179,BTCUSD,SELL,0.159592,18847.99,2025-04-28
user_099,SOLUSD,SELL,0.405889,42670.29,2025-08-02
user_088,BTCUSD,BUY,1.077686,32183.15,2025-08-22
user_040,SOLUSD,BUY,1.157825,45033.39,2025-02-27
user_111,ETHUSD,BUY,0.266205,11600.08,2025-05-14
user_178,ETHUSD,BUY,1.043949,48408.83,2025-05-16
user_178,SOLUSD,BUY,2.013309,21797.84,2025-04-24
user_074,XRPUSD,BUY,1.312877,4720.32,2025-07-05
user_122,BTCUSD,BUY,1.336473,34960.28,2025-03-30
user_158,ETHUSD,BUY,1.061801,31045.42,2025-06-17
user_013,ETHUSD,BUY,1.357484,11696.3,2025-07-20
user_034,ETHUSD,BUY,2.586782,35157.68,2025-05-17
user_035,BTCUSD,BUY,1.497314,47284.22,2025-08-16
user_192,SOLUSD,SELL,0.589582,26154.41,2025-03-16
user_160,SOLUSD,SELL,1.922318,8926.13,2025-08-03
user_196,ETHUSD,BUY,0.911014,6874.1,2025-05-11
user_108,XRPUSD,BUY,0.68743,50055.39,2025-07-06
user_041,XRPUSD,BUY,5.843191,32399.25,2025-05-21
user_099,SOLUSD,BUY,1.050376,42618.11,2025-08-22
user_131,BTCUSD,SELL,0.622106,1067.02,2025-06-05
user_019,BTCUSD,SELL,0.829683,26747.12,2025-03-07
user_117,BTCUSD,BUY,0.912318,11765.45,2025-08-20
user_149,BTCUSD,SELL,1.651396,55563.3,2025-05-05
user_183,BTCUSD,BUY,1.427264,25329.9,2025-03-26
user_153,BTCUSD,SELL,1.791397,45143.11,2025-05-24
user_092,SOLUSD,SELL,2.410236,57827.11,2025-07-21
user_061,XRPUSD,SELL,2.931521,57997.69,2025-04-09
user_002,ETHUSD,SELL,2.733904,8490.03,2025-02-26
user_125,BTCUSD,BUY,0.322403,3996.73,2025-07-15
user_022,BTCUSD,BUY,3.889889,34069.99,2025-05-19
user_185,XRPUSD,BUY,0.707881,25785.12,2025-07-09
user_031,XRPUSD,BUY,1.583097,43919.2,2025-07-23
user_082,XRPUSD,BUY,1.629533,4631.16,2025-07-19
user_194,SOLUSD,SELL,1.002482,59301.45,2025-07-09
user_081,ETHUSD,SELL,0.71395,35958.34,2025-07-31
user_126,XRPUSD,SELL,0.438172,33933.52,2025-03-10
user_014,BTCUSD,BUY,1.149058,26348.21,2025-04-13
user_177,ETHUSD,BUY,1.028594,9872.31,2025-05-04
user_077,XRPUSD,BUY,0.522021,43842.51,2025-08-03
user_130,XRPUSD,BUY,1.082767,37945.78,2025-05-28
user_143,ETHUSD,SELL,1.520214,25864.22,2025-07-30
user_038,XRPUSD,SELL,4.624832,21301.85,2025-05-09
user_032,SOLUSD,SELL,0.765048,11559.1,2025-05-18
user_011,SOLUSD,BUY,0.791688,11667.32,2025-05-06
user_069,BTCUSD,SELL,2.404268,21911.44,2025-04-24
user_006,ETHUSD,SELL,1.186611,40100.68,2025-07-13
user_090,SOLUSD,BUY,0.389225,47975.45,2025-04-25
user_101,BTCUSD,BUY,0.726205,1186.01,2025-06-16
user_026,ETHUSD,SELL,0.783876,13692.99,2025-07-07
user_021,SOLUSD,BUY,1.315365,23029.77,2025-06-09
user_079,XRPUSD,SELL,0.510619,5624.18,2025-05-13
user_005,SOLUSD,BUY,0.439047,40813.84,2025-07-18
user_137,ETHUSD,BUY,0.804096,21872.53,2025-08-01
user_158,ETHUSD,BUY,0.833264,13470.46,2025-06-04
user_066,BTCUSD,BUY,0.569625,47748.78,2025-06-16
user_073,BTCUSD,SELL,0.510819,3993.85,2025-07-24
user_154,BTCUSD,BUY,2.057046,870.94,2025-03-30
user_111,XRPUSD,BUY,0.881439,59672.69,2025-04-02
user_071,SOLUSD,SELL,1.991155,26548.21,2025-03-21
user_145,ETHUSD,SELL,1.639228,55590.27,2025-04-29
user_062,SOLUSD,SELL,0.70866,48939.11,2025-07-25
user_038,XRPUSD,SELL,0.626786,3878.78,2025-08-11
user_116,SOLUSD,BUY,2.563275,12085.95,2025-06-08
user_126,XRPUSD,SELL,1.657389,43374.02,2025-07-03
user_033,XRPUSD,SELL,1.054168,49698.7,2025-04-13
user_095,XRPUSD,BUY,2.138943,51747.66,2025-06-30
user_120,XRPUSD,BUY,0.496593,28769.9,2025-07-03
user_073,SOLUSD,BUY,3.575335,33599.1,2025-08-14
user_012,SOLUSD,SELL,0.759453,59590.33,2025-06-22
user_013,BTCUSD,SELL,0.462584,28321.38,2025-07-09
user_140,ETHUSD,BUY,0.903669,14119.95,2025-06-02
user_075,ETHUSD,BUY,0.534399,56999.08,2025-04-21
user_092,BTCUSD,SELL,1.244757,51590.77,2025-05-21
user_062,SOLUSD,BUY,0.889649,30751.2,2025-06-30
user_070,SOLUSD,BUY,0.879791,46375.15,2025-03-03
user_153,SOLUSD,BUY,4.115481,14669.49,2025-05-02
user_085,SOLUSD,SELL,1.510529,44388.67,2025-07-06
user_189,XRPUSD,BUY,0.680059,12407.59,2025-06-05
user_162,SOLUSD,BUY,1.118608,5398.26,2025-08-01
user_091,SOLUSD,BUY,2.58352,34632.06,2025-07-13
user_133,ETHUSD,SELL,0.857214,13362.86,2025-08-04
user_088,XRPUSD,SELL,1.155791,7976.47,2025-03-06
user_115,XRPUSD,SELL,0.751483,20570.61,2025-06-28
user_096,BTCUSD,SELL,2.110099,4918.58,2025-04-19
user_017,ETHUSD,BUY,1.123363,40119.77,2025-03-01
user_032,SOLUSD,BUY,2.816117,31904.43,2025-03-07
user_089,BTCUSD,SELL,1.289891,21163.47,2025-05-23
user_091,ETHUSD,BUY,0.91849,32081.41,2025-05-02
user_132,BTCUSD,SELL,0.985347,53300.43,2025-07-13
user_180,ETHUSD,SELL,3.664308,17913.11,2025-07-05
user_097,ETHUSD,BUY,1.189955,26893.37,2025-06-09
user_081,XRPUSD,BUY,0.66864,25025.15,2025-05-05
user_171,BTCUSD,BUY,0.881993,45859.59,2025-05-06
user_037,SOLUSD,BUY,3.488279,45519.34,2025-05-24
user_126,BTCUSD,SELL,0.494693,19370.95,2025-08-15
user_096,ETHUSD,SELL,0.728633,15373.86,2025-08-21
user_093,SOLUSD,SELL,2.385622,13354.55,2025-02-27
user_012,ETHUSD,BUY,1.73203,53251.68,2025-08-09
user_029,ETHUSD,BUY,0.625871,13846.6,2025-06-13
user_119,SOLUSD,BUY,0.926053,39474.26,2025-02-27
user_090,XRPUSD,SELL,0.745422,22117.52,2025-06-23
user_173,ETHUSD,SELL,3.473902,24514.63,2025-02-27
user_127,ETHUSD,BUY,1.391712,59981.69,2025-07-15
user_054,XRPUSD,SELL,0.93943,45052.33,2025-04-27
user_007,BTCUSD,BUY,0.976266,42141.56,2025-07-19
user_074,XRPUSD,BUY,0.757216,55849.15,2025-03-15
user_138,BTCUSD,BUY,2.34486,7177.69,2025-07-13
user_113,ETHUSD,SELL,1.699888,26178.16,2025-06-26
user_168,BTCUSD,SELL,2.316498,15382.65,2025-04-22
user_066,BTCUSD,SELL,0.979189,27606.59,2025-04-25
user_164,SOLUSD,SELL,0.795911,41224.56,2025-06-05
user_055,ETHUSD,BUY,1.533994,6032.75,2025-04-30
user_079,BTCUSD,SELL,1.229968,20187.04,2025-06-29
user_095,SOLUSD,BUY,4.660366,29732.15,2025-04-30
user_122,XRPUSD,BUY,0.946191,54766.37,2025-03-31
user_078,SOLUSD,SELL,0.801632,6828.22,2025-03-19
user_128,BTCUSD,SELL,1.192204,45212.2,2025-04-03
user_089,ETHUSD,BUY,0.647113,3543.93,2025-04-13
user_157,BTCUSD,BUY,1.542372,34727.28,2025-03-30
user_114,SOLUSD,BUY,0.57298,28422.42,2025-08-14
user_048,XRPUSD,SELL,1.411277,18356.83,2025-06-19
user_059,ETHUSD,SELL,1.214779,701.15,2025-08-22
user_182,ETHUSD,BUY,3.72986,31024.75,2025-08-02
user_032,XRPUSD,BUY,1.348769,33935.76,2025-03-24
user_190,SOLUSD,SELL,0.669263,635.53,2025-05-21
user_105,BTCUSD,BUY,1.717137,16553.6,2025-08-05
user_003,ETHUSD,SELL,0.689975,29962.01,2025-03-02
user_169,BTCUSD,SELL,1.586732,32199.26,2025-05-05
user_145,ETHUSD,BUY,0.940534,41773.45,2025-06-22
user_140,SOLUSD,SELL,0.602364,41263.96,2025-07-16
user_123,ETHUSD,BUY,0.513975,34152.14,2025-06-17
user_131,ETHUSD,BUY,3.136522,9822.31,2025-06-27
user_109,XRPUSD,BUY,0.472894,3818.75,2025-07-21
user_120,BTCUSD,SELL,1.274183,38949.23,2025-08-01
user_005,SOLUSD,BUY,2.432487,18441.46,2025-08-06
user_167,ETHUSD,SELL,0.675737,51420.72,2025-05-28
user_038,ETHUSD,SELL,0.950439,35550.44,2025-05-12
user_122,XRPUSD,SELL,3.229524,767.07,2025-05-28
user_116,SOLUSD,BUY,0.881568,1734.09,2025-03-28
user_093,SOLUSD,SELL,0.78998,45839.69,2025-05-19
user_180,ETHUSD,BUY,0.754002,42404.58,2025-06-10
user_009,XRPUSD,SELL,2.066982,14836.46,2025-06-12
user_025,SOLUSD,SELL,1.334895,54265.25,2025-07-22
user_079,ETHUSD,SELL,1.004035,5672.23,2025-04-30
user_009,ETHUSD,SELL,2.00929,43596.33,2025-05-29
user_171,ETHUSD,SELL,2.385786,9829.78,2025-06-21
user_062,ETHUSD,SELL,0.722177,32375.51,2025-07-08
user_077,BTCUSD,SELL,0.570033,21806.34,2025-08-06
user_148,SOLUSD,SELL,1.12005,5094.47,2025-07-25
user_161,XRPUSD,SELL,2.583872,16219.58,2025-05-17
user_032,XRPUSD,SELL,1.012751,45894.07,2025-03-16
user_194,ETHUSD,BUY,1.62293,54933.09,2025-03-06
user_190,ETHUSD,SELL,0.548738,19442.45,2025-07-08
user_191,XRPUSD,BUY,1.115084,19015.14,2025-04-12
user_146,SOLUSD,SELL,2.137444,53791.53,2025-06-28
user_120,ETHUSD,BUY,2.739742,45095.26,2025-08-24
user_072,BTCUSD,SELL,1.499923,4777.38,2025-07-25
user_015,XRPUSD,BUY,1.177794,56947.23,2025-03-27
user_055,BTCUSD,SELL,1.272667,19752.57,2025-03-17
user_080,SOLUSD,BUY,1.921054,22834.05,2025-05-13
user_114,BTCUSD,BUY,1.488687,57891.95,2025-06-01
user_041,ETHUSD,BUY,0.594367,55220.51,2025-06-20
user_102,ETHUSD,BUY,0.501305,58179.89,2025-05-05
user_108,SOLUSD,SELL,0.673476,45545.73,2025-04-15
user_108,XRPUSD,BUY,0.82481,55780.62,2025-05-05
user_146,XRPUSD,BUY,3.561757,45778.97,2025-04-14
user_013,SOLUSD,SELL,2.654253,9193.56,2025-05-02
user_156,BTCUSD,SELL,1.054076,37698.14,2025-03-12
user_017,SOLUSD,SELL,1.303683,28122.28,2025-06-10
user_034,XRPUSD,SELL,4.076137,59679.79,2025-05-04
user_028,ETHUSD,SELL,0.900476,39547.0,2025-07-23
user_198,ETHUSD,SELL,0.728017,7610.84,2025-02-28
user_176,BTCUSD,BUY,2.112413,6808.91,2025-08-13
user_037,XRPUSD,BUY,0.473896,12206.33,2025-08-21
user_012,ETHUSD,SELL,1.998034,31562.17,2025-03-01
user_080,ETHUSD,SELL,0.99378,39977.43,2025-05-16
user_067,BTCUSD,SELL,0.698355,58060.06,2025-05-27
user_174,ETHUSD,SELL,0.430365,49043.57,2025-03-01
user_063,ETHUSD,BUY,0.874677,44654.53,2025-03-30
user_053,SOLUSD,SELL,0.857151,24295.88,2025-03-17
user_161,ETHUSD,BUY,1.522631,58893.45,2025-08-03
user_161,ETHUSD,SELL,1.529155,14238.7,2025-07-03
user_033,XRPUSD,BUY,0.578311,30014.54,2025-08-02
user_021,BTCUSD,BUY,1.064082,48330.85,2025-05-14
user_029,ETHUSD,SELL,2.99672,25585.83,2025-08-15
user_068,XRPUSD,SELL,0.893587,44558.17,2025-06-02
user_030,ETHUSD,SELL,0.517211,50877.79,2025-07-09
user_147,BTCUSD,BUY,5.603019,50694.96,2025-04-15
user_067,BTCUSD,BUY,0.556823,48814.64,2025-07-21
user_150,SOLUSD,SELL,2.318057,34558.89,2025-03-04
user_148,ETHUSD,SELL,1.60137,288.84,2025-05-02
user_110,BTCUSD,SELL,0.903342,56029.34,2025-04-12
user_014,BTCUSD,SELL,0.522176,11710.42,2025-06-11
user_025,XRPUSD,BUY,1.408656,59179.92,2025-08-17
user_104,SOLUSD,SELL,1.436335,16908.09,2025-03-25
user_143,BTCUSD,BUY,1.719427,14052.4,2025-04-21
user_104,SOLUSD,SELL,0.902485,32878.58,2025-08-11
user_074,BTCUSD,SELL,0.53769,56305.39,2025-03-13
user_004,ETHUSD,BUY,2.127336,39945.2,2025-07-02
user_052,SOLUSD,BUY,0.726987,43843.34,2025-06-18
user_023,ETHUSD,SELL,0.665101,5345.23,2025-03-14
user_017,XRPUSD,SELL,1.786292,33404.49,2025-05-16
user_017,ETHUSD,BUY,0.928322,15937.14,2025-07-31
user_065,SOLUSD,BUY,1.33234,44433.86,2025-05-04
user_200,ETHUSD,BUY,1.545614,45898.71,2025-05-06
user_014,XRPUSD,BUY,2.865005,50173.22,2025-08-12
user_110,BTCUSD,BUY,1.127376,21635.6,2025-07-14
user_134,XRPUSD,BUY,2.087254,31488.51,2025-03-02
user_138,XRPUSD,SELL,0.938947,52017.94,2025-05-20
user_168,ETHUSD,BUY,2.700471,1868.55,2025-07-03
user_109,XRPUSD,SELL,3.707844,16680.88,2025-08-01
user_121,ETHUSD,SELL,7.019909,37829.77,2025-05-19
user_142,SOLUSD,BUY,1.154383,42976.21,2025-04-04
user_060,SOLUSD,SELL,2.144429,17735.27,2025-08-05
user_060,SOLUSD,SELL,1.487508,38497.78,2025-05-15
user_108,BTCUSD,BUY,1.083082,16089.3,2025-06-15
user_121,ETHUSD,BUY,0.699467,22859.42,2025-03-17
user_200,XRPUSD,SELL,0.764372,28004.08,2025-02-28
user_108,SOLUSD,BUY,0.978333,59677.81,2025-06-01
user_189,BTCUSD,SELL,2.30859,32871.82,2025-08-08
user_074,XRPUSD,BUY,0.590254,19520.27,2025-07-25
user_011,XRPUSD,BUY,1.069606,46913.39,2025-04-14
user_083,XRPUSD,SELL,1.054173,16748.42,2025-03-12
user_040,BTCUSD,SELL,0.824197,35046.74,2025-04-20
user_091,XRPUSD,BUY,0.595412,42210.76,2025-04-27
user_070,ETHUSD,BUY,1.074536,27300.45,2025-07-26
user_085,BTCUSD,BUY,0.200114,550.11,2025-07-01
user_026,SOLUSD,BUY,3.078915,34200.98,2025-04-29
user_150,ETHUSD,SELL,0.324658,44988.56,2025-07-11
user_099,XRPUSD,SELL,0.474588,15346.06,2025-03-22
user_099,BTCUSD,SELL,2.107013,27853.87,2025-08-10
user_153,SOLUSD,SELL,0.809698,56900.11,2025-03-11
user_166,SOLUSD,SELL,1.321061,32593.76,2025-08-24
user_108,SOLUSD,BUY,2.382622,2693.1,2025-08-23
user_096,ETHUSD,BUY,0.512222,29068.97,2025-05-11
user_036,XRPUSD,SELL,0.461049,50244.9,2025-08-22
user_069,SOLUSD,SELL,1.065786,47810.76,2025-06-27
user_042,XRPUSD,SELL,0.838075,6034.77,2025-05-01
user_025,BTCUSD,BUY,0.545797,50918.04,2025-07-06
user_083,BTCUSD,SELL,0.703814,19439.08,2025-06-03
user_043,ETHUSD,BUY,0.297072,18608.46,2025-07-29
user_158,BTCUSD,SELL,1.997135,31072.11,2025-07-25
user_012,ETHUSD,SELL,1.995875,39460.44,2025-06-10
user_040,BTCUSD,BUY,0.787635,3969.73,2025-07-30
user_153,XRPUSD,BUY,1.114471,23030.6,2025-04-11
user_006,BTCUSD,BUY,1.382572,1792.2,2025-05-08
user_089,SOLUSD,BUY,1.26535,22088.12,2025-08-13
user_157,SOLUSD,BUY,1.720012,50759.63,2025-07-28
user_084,SOLUSD,SELL,0.750047,12392.47,2025-03-13
user_095,XRPUSD,SELL,2.243497,10631.69,2025-04-09
user_184,BTCUSD,SELL,2.104539,26027.42,2025-03-08
user_010,BTCUSD,BUY,0.902449,24281.46,2025-08-08
user_118,BTCUSD,SELL,1.163525,9305.94,2025-03-01
user_021,SOLUSD,BUY,2.572734,31489.99,2025-07-09
user_067,ETHUSD,BUY,1.225361,2168.66,2025-05-07
user_061,XRPUSD,SELL,1.171896,19685.61,2025-08-14
user_126,XRPUSD,BUY,0.850998,34364.26,2025-04-08
user_110,SOLUSD,SELL,1.537615,51644.58,2025-06-12
user_059,XRPUSD,SELL,0.739927,53354.64,2025-07-09
user_054,SOLUSD,SELL,2.297894,16749.75,2025-04-15
user_070,BTCUSD,BUY,0.452825,45767.78,2025-07-03
user_117,SOLUSD,BUY,1.384571,26389.32,2025-05-08
user_155,BTCUSD,BUY,0.798117,51334.41,2025-07-29
user_187,XRPUSD,SELL,0.666216,54213.32,2025-04-18
user_068,XRPUSD,BUY,2.942824,17007.39,2025-03-23
user_161,ETHUSD,SELL,2.132577,55335.76,2025-06-24
user_098,BTCUSD,SELL,0.597115,1735.96,2025-03-13
user_073,XRPUSD,BUY,1.484922,20423.24,2025-08-15
user_101,XRPUSD,SELL,1.632364,130.66,2025-03-26
user_191,SOLUSD,SELL,0.374099,44739.08,2025-04-06
user_094,XRPUSD,BUY,1.385611,26786.52,2025-05-29
user_185,XRPUSD,SELL,2.026446,32150.23,2025-03-30
user_136,ETHUSD,SELL,1.502836,20163.97,2025-05-10
user_161,BTCUSD,SELL,0.648767,53492.21,2025-07-02
user_104,SOLUSD,BUY,2.036983,4294.94,2025-04-04
user_150,SOLUSD,BUY,0.988129,57393.4,2025-05-11
user_101,BTCUSD,SELL,0.768465,59009.33,2025-05-14
user_060,SOLUSD,SELL,0.814132,21183.67,2025-04-23
user_173,XRPUSD,BUY,0.852865,20231.84,2025-05-14
user_084,XRPUSD,SELL,0.873857,46795.22,2025-05-14
user_056,ETHUSD,BUY,3.282468,44925.3,2025-05-12
user_134,SOLUSD,SELL,2.555019,11746.91,2025-06-11
user_137,SOLUSD,BUY,1.34552,9717.01,2025-03-27
user_187,BTCUSD,BUY,0.620012,177.64,2025-07-09
user_197,SOLUSD,SELL,1.949759,54718.49,2025-06-21
user_044,BTCUSD,BUY,0.573859,43546.93,2025-06-25
user_132,XRPUSD,BUY,4.774267,20006.57,2025-07-05
user_013,XRPUSD,BUY,2.611202,28152.86,2025-03-06
user_054,BTCUSD,BUY,1.710948,45300.55,2025-05-18
user_036,SOLUSD,BUY,1.208992,18568.92,2025-07-08
user_005,ETHUSD,BUY,1.293173,33715.16,2025-04-18
user_153,ETHUSD,SELL,1.026038,40905.09,2025-08-17
user_062,XRPUSD,BUY,2.015294,27936.23,2025-07-11
user_111,SOLUSD,SELL,1.208792,6237.86,2025-08-01
user_086,BTCUSD,BUY,1.584336,51447.74,2025-08-09
user_014,SOLUSD,SELL,3.272969,7614.1,2025-05-12
user_171,SOLUSD,BUY,1.209979,54415.56,2025-04-29
user_034,ETHUSD,SELL,3.235746,1892.47,2025-04-29
user_067,ETHUSD,SELL,1.6623,18925.14,2025-08-12
user_189,BTCUSD,BUY,1.664553,2574.78,2025-07-05
user_087,SOLUSD,SELL,0.593088,11869.07,2025-06-05
user_191,XRPUSD,BUY,2.397729,47400.7,2025-03-25
user_141,ETHUSD,BUY,0.722908,57156.59,2025-03-18
user_169,BTCUSD,BUY,0.969991,51954.51,2025-07-06
user_094,BTCUSD,BUY,2.668293,5366.28,2025-05-23
user_017,SOLUSD,SELL,0.854944,20037.16,2025-08-21
user_123,SOLUSD,SELL,1.409807,1740.62,2025-07-31
user_098,BTCUSD,SELL,0.995389,49102.12,2025-07-10
user_164,XRPUSD,SELL,0.535088,46422.45,2025-04-24
user_114,XRPUSD,SELL,0.735363,23361.92,2025-04-10
user_123,BTCUSD,BUY,0.810907,52997.27,2025-07-15
user_034,SOLUSD,BUY,1.179178,5337.56,2025-02-26
user_200,SOLUSD,BUY,0.596236,28218.03,2025-04-17
user_136,ETHUSD,BUY,0.723624,16583.16,2025-06-14
user_031,ETHUSD,BUY,0.647312,38719.62,2025-04-16
user_040,XRPUSD,BUY,1.331994,37720.01,2025-03-15
user_177,BTCUSD,SELL,0.945362,43824.88,2025-05-11
user_007,ETHUSD,BUY,0.463951,2287.3,2025-05-08
user_013,SOLUSD,SELL,0.746495,29317.25,2025-06-28
user_086,ETHUSD,BUY,2.087133,52926.76,2025-08-06
user_185,XRPUSD,SELL,1.244781,25486.86,2025-07-12
user_166,SOLUSD,SELL,0.484736,15454.36,2025-05-29
user_103,XRPUSD,BUY,0.917724,55540.56,2025-04-08
user_154,BTCUSD,SELL,0.12578,10486.56,2025-04-11
user_047,BTCUSD,SELL,1.401183,39695.86,2025-08-09
user_097,SOLUSD,SELL,0.239768,15878.33,2025-05-02
user_137,ETHUSD,BUY,0.687692,3998.54,2025-03-14
user_099,XRPUSD,BUY,0.27888,42474.83,2025-04-21
user_170,BTCUSD,SELL,1.274116,43414.11,2025-04-19
user_127,BTCUSD,SELL,2.599425,15527.93,2025-07-13
user_098,SOLUSD,SELL,0.472801,43633.15,2025-07-05
user_084,BTCUSD,BUY,1.920274,3991.91,2025-07-18
user_057,XRPUSD,SELL,0.659584,11291.55,2025-03-30
user_102,SOLUSD,SELL,1.413991,54041.76,2025-02-26
user_185,ETHUSD,SELL,3.236948,1871.55,2025-07-27
user_119,XRPUSD,BUY,2.123478,40512.21,2025-06-13
user_186,SOLUSD,SELL,0.579498,14591.02,2025-03-14
user_159,SOLUSD,SELL,2.783273,2012.51,2025-05-22
user_161,BTCUSD,BUY,1.493108,43060.53,2025-03-23
user_111,SOLUSD,SELL,0.772733,24211.8,2025-07-30
user_058,BTCUSD,BUY,1.138042,57979.05,2025-04-09
user_017,XRPUSD,SELL,0.579902,34520.28,2025-02-27
user_120,ETHUSD,BUY,2.327086,35950.09,2025-05-14
user_163,XRPUSD,BUY,0.241759,11410.37,2025-06-27
user_149,XRPUSD,SELL,2.482305,46362.4,2025-03-31
user_037,SOLUSD,BUY,0.279843,9709.02,2025-03-10
user_126,XRPUSD,BUY,1.020665,36673.69,2025-03-20
user_028,SOLUSD,BUY,2.618444,13225.04,2025-08-07
user_053,BTCUSD,BUY,2.574393,35724.35,2025-06-02
user_048,ETHUSD,BUY,0.919934,12653.91,2025-08-15
user_017,ETHUSD,SELL,1.834157,46331.25,2025-02-26
user_032,XRPUSD,BUY,0.750757,6047.66,2025-06-05
user_125,BTCUSD,SELL,0.665397,16079.78,2025-04-12
user_130,ETHUSD,BUY,0.691943,52303.82,2025-07-05
user_060,ETHUSD,BUY,1.003674,30825.35,2025-04-26
user_151,BTCUSD,BUY,0.317623,40193.42,2025-05-22
user_199,XRPUSD,BUY,2.594735,25912.59,2025-07-26
user_194,SOLUSD,SELL,1.770457,40314.23,2025-05-24
user_017,BTCUSD,SELL,1.621152,29485.22,2025-03-28
user_046,BTCUSD,BUY,1.081746,6699.48,2025-03-10
user_126,BTCUSD,BUY,3.184159,6989.25,2025-03-22
user_005,BTCUSD,BUY,0.73921,25852.5,2025-05-03
user_178,XRPUSD,BUY,1.825065,39300.34,2025-05-12
user_103,BTCUSD,BUY,1.558747,41397.88,2025-06-02
user_004,ETHUSD,BUY,0.674042,32589.54,2025-03-12
user_025,ETHUSD,BUY,0.574995,26162.59,2025-05-20
user_181,XRPUSD,BUY,1.232698,5203.42,2025-03-08
user_060,ETHUSD,BUY,1.707207,34476.26,2025-07-29
user_159,XRPUSD,SELL,0.896984,44564.78,2025-06-22
user_009,ETHUSD,SELL,0.437627,35692.55,2025-04-20
user_138,XRPUSD,SELL,1.382448,45325.73,2025-05-23
user_120,SOLUSD,SELL,1.326485,33327.98,2025-05-30
user_134,SOLUSD,SELL,0.897383,266.47,2025-07-12
user_192,BTCUSD,BUY,0.199457,17793.83,2025-06-06
user_096,ETHUSD,SELL,1.528962,46277.72,2025-06-05
user_185,SOLUSD,BUY,1.300487,50807.89,2025-05-07
user_115,ETHUSD,SELL,1.415564,54527.77,2025-05-09
user_002,SOLUSD,BUY,1.948789,11954.15,2025-05-23
user_114,ETHUSD,SELL,1.114761,38390.8,2025-06-10
user_048,SOLUSD,BUY,0.543362,14319.26,2025-06-17
user_161,BTCUSD,BUY,1.494517,27726.69,2025-06-19
user_159,BTCUSD,SELL,1.409518,29077.66,2025-08-18
user_045,SOLUSD,SELL,0.45279,31156.7,2025-03-18
user_066,ETHUSD,SELL,1.146685,2978.2,2025-05-17
user_155,BTCUSD,SELL,0.505957,52893.3,2025-07-27
user_165,BTCUSD,BUY,2.098259,42102.37,2025-06-23
user_152,BTCUSD,BUY,0.833586,45972.69,2025-08-19
user_027,XRPUSD,SELL,0.523391,24410.37,2025-08-03
user_126,ETHUSD,SELL,0.664226,1463.31,2025-04-25
user_063,XRPUSD,SELL,0.963177,59313.51,2025-05-14
user_017,ETHUSD,SELL,1.839838,45689.35,2025-04-12
user_197,ETHUSD,SELL,1.301824,16257.64,2025-03-20
user_181,SOLUSD,BUY,0.719747,14630.68,2025-05-23
user_166,XRPUSD,BUY,1.392353,30003.81,2025-06-02
user_156,XRPUSD,SELL,0.96546,40171.56,2025-06-17
user_152,XRPUSD,SELL,1.26126,21012.51,2025-04-25
user_073,XRPUSD,BUY,0.313259,19275.13,2025-06-28
user_145,BTCUSD,SELL,0.761,39605.21,2025-05-19
user_077,XRPUSD,SELL,0.39158,13330.41,2025-07-08
user_136,ETHUSD,SELL,0.605377,1369.69,2025-06-29
user_106,ETHUSD,BUY,1.073894,55361.41,2025-08-01
user_046,ETHUSD,SELL,1.672799,51912.8,2025-06-12
user_055,ETHUSD,SELL,2.143916,48172.88,2025-04-15
user_102,SOLUSD,SELL,2.190421,23454.13,2025-07-13
user_015,XRPUSD,SELL,1.47696,33169.58,2025-08-14
user_110,SOLUSD,SELL,1.042294,51520.14,2025-04-21
user_048,XRPUSD,SELL,1.149103,9418.26,2025-07-20
user_181,BTCUSD,SELL,0.830412,19613.7,2025-04-11
user_200,XRPUSD,BUY,1.919921,4446.18,2025-06-22
user_196,XRPUSD,SELL,3.036867,16876.28,2025-03-19
user_135,ETHUSD,BUY,2.754146,59139.8,2025-08-20
user_174,ETHUSD,BUY,1.234103,28777.84,2025-08-10
user_072,SOLUSD,SELL,0.707639,14736.59,2025-04-18
user_199,ETHUSD,BUY,1.577317,54979.73,2025-04-30
user_139,SOLUSD,SELL,0.667102,6461.7,2025-04-11
user_139,SOLUSD,BUY,1.109767,30971.61,2025-04-21
user_169,ETHUSD,SELL,0.865968,15797.06,2025-07-27
user_005,ETHUSD,SELL,1.498647,27018.33,2025-06-12
user_087,ETHUSD,SELL,1.235646,44967.68,2025-05-28
user_169,ETHUSD,SELL,0.834501,2998.24,2025-04-11
user_179,ETHUSD,BUY,5.035547,44507.57,2025-04-09
user_182,ETHUSD,BUY,0.461109,56896.64,2025-05-10
user_007,SOLUSD,BUY,0.716144,46412.43,2025-04-24
user_187,ETHUSD,BUY,1.422888,58890.41,2025-04-24
user_067,SOLUSD,SELL,2.42951,56779.55,2025-04-03
user_015,SOLUSD,SELL,2.126303,58836.87,2025-08-13
user_071,BTCUSD,BUY,0.533703,2371.17,2025-08-09
user_086,XRPUSD,BUY,3.453374,15208.99,2025-08-16
user_002,BTCUSD,SELL,1.529349,13515.07,2025-07-27
user_004,SOLUSD,BUY,1.16193,1814.03,2025-06-23
user_014,XRPUSD,SELL,4.985964,58180.01,2025-06-04
user_142,ETHUSD,BUY,1.282375,16370.73,2025-05-21
user_150,XRPUSD,SELL,4.954088,39489.35,2025-04-11
user_092,ETHUSD,BUY,2.960201,40957.49,2025-07-04
user_093,XRPUSD,SELL,0.570692,5573.7,2025-07-22
user_073,SOLUSD,BUY,1.08339,23582.77,2025-03-26
user_025,SOLUSD,SELL,2.065537,57328.17,2025-06-05
user_081,BTCUSD,SELL,3.630057,39311.64,2025-03-05
user_011,SOLUSD,BUY,0.792806,9916.75,2025-06-23
user_183,XRPUSD,BUY,1.091193,23693.01,2025-05-24
user_035,BTCUSD,BUY,1.312276,55177.61,2025-05-29
user_082,BTCUSD,SELL,4.059364,50776.3,2025-02-26
user_127,XRPUSD,BUY,1.330415,14137.31,2025-06-26
user_118,SOLUSD,SELL,1.040981,18472.17,2025-05-26
user_190,XRPUSD,SELL,1.196389,17155.56,2025-07-27
user_168,SOLUSD,SELL,2.32359,57247.27,2025-03-19
user_074,SOLUSD,SELL,0.465776,19773.91,2025-06-01
user_085,XRPUSD,SELL,2.971653,25945.95,2025-04-15
user_175,SOLUSD,SELL,0.789075,55563.31,2025-06-20
user_091,ETHUSD,SELL,0.240248,58294.63,2025-05-08
user_036,ETHUSD,SELL,1.141397,25552.65,2025-03-29
user_065,XRPUSD,BUY,0.70479,59710.93,2025-03-06
user_159,XRPUSD,BUY,0.759407,45181.73,2025-07-22
user_057,SOLUSD,BUY,2.561899,32812.9,2025-05-09
user_151,ETHUSD,BUY,0.873452,19050.2,2025-03-19
user_169,BTCUSD,BUY,2.02141,30015.15,2025-08-14
user_110,ETHUSD,BUY,2.008995,2719.05,2025-05-27
user_071,ETHUSD,SELL,1.603028,50345.72,2025-04-26
user_082,ETHUSD,SELL,2.170025,43172.05,2025-03-02
user_106,BTCUSD,SELL,0.661991,17866.85,2025-05-14
user_096,ETHUSD,SELL,0.222447,43524.73,2025-06-16
user_188,ETHUSD,BUY,0.980204,56493.1,2025-04-24
user_105,SOLUSD,SELL,1.945444,31010.97,2025-05-15
user_038,BTCUSD,SELL,6.161995,16107.18,2025-06-29
user_101,BTCUSD,BUY,1.625899,23007.8,2025-03-28
user_163,XRPUSD,SELL,1.774779,38565.13,2025-06-28
user_019,ETHUSD,BUY,1.17006,19993.66,2025-06-16
user_009,BTCUSD,BUY,1.834742,32965.22,2025-04-08
user_056,XRPUSD,BUY,1.096244,36331.84,2025-03-01
user_077,BTCUSD,SELL,0.552418,41942.05,2025-06-01
user_157,ETHUSD,BUY,2.511405,31612.25,2025-04-16
user_179,BTCUSD,SELL,2.138466,11061.91,2025-07-21
user_183,BTCUSD,SELL,1.551177,36816.92,2025-06-04
user_073,XRPUSD,BUY,0.772274,35725.51,2025-04-02
user_015,SOLUSD,SELL,1.278704,13208.56,2025-03-19
user_021,XRPUSD,SELL,0.656853,14927.56,2025-06-17
user_085,XRPUSD,BUY,0.839267,49279.29,2025-06-03
user_032,ETHUSD,SELL,1.53517,2934.2,2025-04-08
user_101,XRPUSD,SELL,1.223211,47546.8,2025-04-28
user_159,SOLUSD,BUY,0.526746,43752.71,2025-07-01
user_187,SOLUSD,BUY,2.048229,42995.75,2025-07-31
user_155,SOLUSD,BUY,4.201226,26680.41,2025-07-23
user_076,ETHUSD,BUY,0.828785,20139.38,2025-03-31
user_011,XRPUSD,BUY,2.163321,23081.18,2025-05-08
user_028,ETHUSD,SELL,1.043981,24227.25,2025-08-19
user_124,BTCUSD,BUY,2.986937,44079.91,2025-08-03
user_164,BTCUSD,BUY,1.692163,1197.73,2025-05-19
user_131,BTCUSD,SELL,0.780621,31450.16,2025-04-20
user_106,ETHUSD,SELL,4.127867,33704.18,2025-04-25
user_168,SOLUSD,BUY,1.875247,38779.19,2025-05-26
user_170,BTCUSD,SELL,1.599638,33838.79,2025-05-08
user_019,ETHUSD,BUY,0.559393,57515.08,2025-04-11
user_007,BTCUSD,BUY,0.871662,27715.92,2025-05-20
user_057,ETHUSD,BUY,3.306195,4113.94,2025-03-08
user_109,BTCUSD,BUY,1.475476,51302.11,2025-08-12
user_136,XRPUSD,BUY,1.712002,1328.74,2025-06-22
user_155,SOLUSD,SELL,1.774825,31595.87,2025-05-27
user_074,BTCUSD,SELL,1.164479,43109.72,2025-06-18
user_097,ETHUSD,SELL,0.699068,7319.8,2025-05-02
user_178,ETHUSD,BUY,0.790763,48695.06,2025-07-30
user_034,BTCUSD,SELL,4.025677,32020.0,2025-03-22
user_183,BTCUSD,BUY,0.462289,53850.22,2025-06-22
user_122,SOLUSD,BUY,0.4723,27177.77,2025-04-29
user_083,ETHUSD,SELL,0.78424,21865.83,2025-07-04
user_173,SOLUSD,BUY,1.030183,50979.13,2025-06-19
user_059,SOLUSD,BUY,0.650338,24789.27,2025-05-14
user_059,XRPUSD,BUY,1.814617,11802.81,2025-08-17
user_167,XRPUSD,SELL,1.19721,45263.74,2025-08-09
user_184,BTCUSD,BUY,1.600496,42831.38,2025-05-02
user_191,ETHUSD,SELL,0.894284,50225.78,2025-04-03
user_032,ETHUSD,SELL,2.160326,44196.11,2025-06-13
user_180,ETHUSD,SELL,0.709179,38917.34,2025-03-05
user_067,SOLUSD,BUY,1.760461,1565.29,2025-04-13
user_136,XRPUSD,BUY,1.240605,43546.61,2025-06-26
user_149,SOLUSD,SELL,4.851217,19588.41,2025-08-13
user_130,SOLUSD,SELL,3.007956,8569.42,2025-04-12
user_034,ETHUSD,BUY,1.969761,8412.68,2025-03-19
user_134,SOLUSD,SELL,0.759712,53353.2,2025-06-25
user_147,BTCUSD,BUY,3.623911,18723.21,2025-08-21
user_060,BTCUSD,SELL,1.202785,41057.51,2025-05-20
user_011,SOLUSD,SELL,0.853504,33219.96,2025-08-18
user_111,SOLUSD,SELL,1.322391,41561.04,2025-07-21
user_108,BTCUSD,BUY,4.41455,2645.81,2025-07-19
user_056,ETHUSD,BUY,0.468577,5968.58,2025-07-15
user_023,ETHUSD,BUY,0.747899,14053.22,2025-03-16
user_199,SOLUSD,BUY,0.5643,50094.12,2025-04-11
user_054,XRPUSD,BUY,0.648371,25152.78,2025-06-06
user_011,XRPUSD,BUY,0.387939,24997.91,2025-04-01
user_123,SOLUSD,BUY,0.257297,19600.66,2025-07-19
user_143,XRPUSD,BUY,1.726125,9710.82,2025-04-19
user_070,SOLUSD,BUY,0.861211,10871.93,2025-07-21
user_008,SOLUSD,BUY,0.296864,25297.55,2025-08-04
user_147,XRPUSD,BUY,2.019797,48394.73,2025-08-22
user_069,SOLUSD,BUY,1.173303,14103.35,2025-03-10
user_018,BTCUSD,SELL,1.20094,58798.48,2025-04-07
user_043,BTCUSD,BUY,0.523365,29974.81,2025-05-08
user_165,BTCUSD,BUY,0.811361,43519.89,2025-04-20
user_035,SOLUSD,SELL,1.292351,51486.09,2025-06-28
user_097,SOLUSD,SELL,0.680077,15714.27,2025-07-13
user_021,BTCUSD,SELL,0.614025,24853.97,2025-05-23
user_008,BTCUSD,SELL,3.434901,16856.03,2025-03-25
user_195,BTCUSD,SELL,0.392227,49855.87,2025-03-17
user_145,BTCUSD,BUY,2.792827,57774.7,2025-03-16
user_020,BTCUSD,SELL,1.077462,43735.73,2025-06-17
user_031,ETHUSD,BUY,0.90441,58647.54,2025-06-27
user_075,XRPUSD,SELL,1.459834,1590.91,2025-03-09
user_023,ETHUSD,SELL,2.942649,49534.19,2025-08-19
user_079,SOLUSD,SELL,1.285629,7721.81,2025-06-04
user_137,ETHUSD,SELL,2.459248,23198.69,2025-04-03
user_009,SOLUSD,SELL,1.300241,16952.81,2025-08-23
user_062,BTCUSD,BUY,0.67831,51966.99,2025-03-21
user_172,XRPUSD,BUY,1.041665,3820.77,2025-05-07
user_081,BTCUSD,BUY,0.230321,16542.8,2025-04-21
user_186,SOLUSD,SELL,2.494466,14576.88,2025-06-30
user_185,SOLUSD,BUY,2.032111,30234.17,2025-08-05
user_016,BTCUSD,BUY,0.812075,8034.94,2025-06-07
user_142,BTCUSD,BUY,2.496318,25917.9,2025-02-27
user_046,SOLUSD,BUY,2.47509,57115.2,2025-06-28
user_058,ETHUSD,SELL,0.354708,24518.84,2025-05-21
user_090,XRPUSD,SELL,1.20712,17152.28,2025-07-22
user_149,ETHUSD,BUY,0.463447,12894.62,2025-06-29
user_111,XRPUSD,BUY,1.913872,50115.1,2025-07-21
user_135,SOLUSD,SELL,1.245289,10945.73,2025-05-01
user_024,SOLUSD,BUY,0.653684,17449.17,2025-07-21
user_194,XRPUSD,SELL,1.85311,55203.89,2025-05-10
user_176,BTCUSD,SELL,0.986505,34910.69,2025-06-27
user_182,XRPUSD,SELL,0.869988,52614.73,2025-06-01
user_077,SOLUSD,SELL,0.949765,16312.27,2025-04-22
user_097,ETHUSD,BUY,0.560337,905.59,2025-08-10
user_139,SOLUSD,BUY,1.6697,13281.53,2025-08-10
user_024,ETHUSD,BUY,1.615959,9082.9,2025-08-05
user_079,SOLUSD,BUY,1.018255,14797.27,2025-06-12
user_150,ETHUSD,BUY,0.492856,30686.22,2025-03-17
user_184,XRPUSD,BUY,0.451297,45074.0,2025-07-16
user_142,ETHUSD,BUY,0.773588,9030.33,2025-06-09
user_182,BTCUSD,SELL,1.347294,49923.91,2025-03-29
user_143,ETHUSD,SELL,2.896887,295.49,2025-03-30
user_008,SOLUSD,BUY,1.179385,19217.14,2025-07-01
user_001,ETHUSD,SELL,1.276716,19197.83,2025-05-20
user_040,SOLUSD,SELL,1.156154,49143.73,2025-04-01
user_122,XRPUSD,SELL,1.170228,34370.35,2025-07-12
user_184,XRPUSD,BUY,0.505723,34042.9,2025-07-04
user_147,BTCUSD,SELL,3.607224,13872.35,2025-03-26
user_130,ETHUSD,SELL,0.461881,27654.16,2025-06-03
user_109,XRPUSD,BUY,1.834728,28728.41,2025-04-07
user_104,BTCUSD,BUY,1.223981,31554.01,2025-07-22
user_122,XRPUSD,BUY,1.012592,52008.36,2025-08-09
user_141,XRPUSD,SELL,0.656129,1090.82,2025-08-13
user_131,XRPUSD,SELL,0.757398,5640.94,2025-05-10
user_114,ETHUSD,BUY,10.498308,7858.52,2025-08-10
user_069,XRPUSD,BUY,0.599175,8231.75,2025-02-27
user_147,BTCUSD,BUY,1.595496,47085.02,2025-04-02
user_189,XRPUSD,SELL,1.464538,50076.21,2025-05-06
user_063,BTCUSD,SELL,0.916372,27557.37,2025-04-09
user_087,ETHUSD,BUY,0.321926,59717.05,2025-06-02
user_085,SOLUSD,SELL,1.205329,8287.01,2025-05-14
user_179,ETHUSD,BUY,1.641585,15523.18,2025-05-12
user_165,SOLUSD,BUY,2.076306,10246.24,2025-04-30
user_074,SOLUSD,BUY,0.877926,13192.62,2025-03-24
user_129,BTCUSD,BUY,1.675645,30233.69,2025-07-27
user_104,ETHUSD,BUY,0.954244,38813.69,2025-03-19
user_042,XRPUSD,BUY,0.474914,13375.8,2025-08-08
user_141,XRPUSD,SELL,0.813986,48162.25,2025-08-08
user_139,XRPUSD,SELL,1.09193,21426.1,2025-08-04
user_034,BTCUSD,SELL,2.192229,48472.03,2025-05-29
user_178,BTCUSD,BUY,0.923323,21050.95,2025-05-02
user_186,XRPUSD,BUY,1.182673,40933.56,2025-07-12
user_022,SOLUSD,BUY,1.421635,51968.26,2025-03-24
user_173,BTCUSD,BUY,1.148904,3593.71,2025-02-27
user_091,SOLUSD,BUY,0.589834,40928.14,2025-07-09
user_088,SOLUSD,SELL,2.627773,37037.3,2025-03-07
user_067,XRPUSD,BUY,2.52475,42524.3,2025-04-02
user_136,ETHUSD,SELL,1.11309,53374.41,2025-05-13
user_143,XRPUSD,SELL,0.585694,37320.86,2025-07-09
user_056,ETHUSD,SELL,0.443488,57988.2,2025-04-16
user_090,BTCUSD,BUY,0.873288,26758.82,2025-05-26
user_188,XRPUSD,SELL,1.035974,32640.33,2025-03-18
user_149,XRPUSD,SELL,1.729664,57880.11,2025-06-22
user_155,SOLUSD,BUY,1.993247,46963.14,2025-05-02
user_143,XRPUSD,BUY,2.175823,40337.75,2025-05-06
user_119,SOLUSD,BUY,0.421116,59881.25,2025-03-01
user_105,SOLUSD,BUY,0.900113,9339.26,2025-08-05
user_082,ETHUSD,SELL,0.869184,35347.72,2025-04-13
user_174,SOLUSD,SELL,1.440419,48228.41,2025-07-12
user_168,ETHUSD,BUY,0.594915,25973.25,2025-03-30
user_124,XRPUSD,SELL,1.992734,34178.26,2025-04-01
user_022,SOLUSD,BUY,1.20524,12524.25,2025-06-24
user_158,BTCUSD,SELL,1.461868,9302.31,2025-08-19
user_174,XRPUSD,SELL,0.254211,36755.06,2025-08-24
user_083,XRPUSD,SELL,0.39231,55896.88,2025-07-10
user_039,XRPUSD,BUY,0.503895,52292.14,2025-08-10
user_029,ETHUSD,BUY,0.243403,42630.75,2025-06-04
user_114,BTCUSD,SELL,0.830846,18877.0,2025-08-22
user_171,ETHUSD,SELL,0.859553,26063.42,2025-07-26
user_019,BTCUSD,BUY,0.667725,15332.13,2025-03-10
user_031,XRPUSD,SELL,2.850272,11289.63,2025-08-13
user_075,BTCUSD,BUY,3.264555,56619.57,2025-05-31
user_191,XRPUSD,BUY,0.856143,13194.12,2025-07-12
user_142,SOLUSD,SELL,1.052685,41527.13,2025-03-02
user_179,XRPUSD,BUY,1.430956,45678.34,2025-06-07
user_008,XRPUSD,SELL,5.793349,46360.16,2025-04-15
user_125,BTCUSD,BUY,2.831111,5797.96,2025-07-14
user_085,BTCUSD,SELL,2.080585,4198.06,2025-06-17
user_095,BTCUSD,SELL,0.925914,6619.47,2025-04-25
user_028,ETHUSD,SELL,0.483909,26785.56,2025-03-30
user_151,BTCUSD,BUY,0.90727,3209.25,2025-05-04
user_035,XRPUSD,SELL,0.600572,8020.4,2025-06-05
user_008,SOLUSD,SELL,0.841213,42893.08,2025-05-11
user_195,SOLUSD,SELL,0.390734,7969.99,2025-06-25
user_191,SOLUSD,SELL,1.751647,39092.21,2025-03-21
user_021,SOLUSD,SELL,1.504801,2633.1,2025-03-12
user_055,XRPUSD,SELL,4.309306,58711.0,2025-06-18
user_106,XRPUSD,SELL,0.667295,57108.99,2025-07-15
user_073,BTCUSD,BUY,3.398875,53450.0,2025-07-11
user_112,ETHUSD,BUY,0.402242,49864.46,2025-06-13
user_159,ETHUSD,SELL,0.334143,8234.63,2025-04-17
user_122,XRPUSD,SELL,0.996908,29283.93,2025-05-09
user_149,SOLUSD,SELL,0.877763,43189.49,2025-06-24
user_010,ETHUSD,SELL,1.464967,17353.18,2025-07-14
user_045,BTCUSD,BUY,2.429325,16353.11,2025-03-21
user_046,SOLUSD,SELL,2.642,14070.97,2025-05-09
user_198,XRPUSD,BUY,0.979208,53260.62,2025-05-08
user_054,SOLUSD,SELL,0.913411,19983.09,2025-05-30
user_159,SOLUSD,BUY,1.695826,19150.99,2025-06-29
user_110,XRPUSD,BUY,0.599179,20008.66,2025-04-29
user_093,XRPUSD,SELL,0.597297,53806.64,2025-03-30
user_155,ETHUSD,SELL,1.997952,33689.69,2025-05-06
user_138,ETHUSD,SELL,0.336212,50107.31,2025-06-29
user_138,XRPUSD,BUY,1.338265,34369.25,2025-05-31
user_030,SOLUSD,BUY,0.829971,28100.67,2025-05-29
user_174,ETHUSD,BUY,0.789877,46780.71,2025-03-03
user_058,BTCUSD,SELL,1.251183,30373.53,2025-04-12
user_184,ETHUSD,BUY,1.542507,15051.41,2025-07-18
user_183,XRPUSD,BUY,0.462275,6209.4,2025-05-30
user_198,ETHUSD,SELL,1.039416,16162.68,2025-06-05
user_017,XRPUSD,BUY,1.713728,17956.91,2025-03-08
user_176,ETHUSD,BUY,1.183147,18330.42,2025-07-03
user_016,ETHUSD,SELL,1.989942,25149.11,2025-05-05
user_185,BTCUSD,BUY,1.076328,13401.53,2025-03-27
user_052,SOLUSD,BUY,0.989838,48042.64,2025-07-04
user_131,XRPUSD,BUY,0.465918,17488.23,2025-06-11
user_101,BTCUSD,BUY,6.313813,27033.72,2025-07-12
user_050,BTCUSD,SELL,1.365968,11509.5,2025-07-11
user_046,ETHUSD,SELL,1.203725,43750.77,2025-05-25
user_128,ETHUSD,BUY,1.916385,38166.22,2025-07-13
user_110,ETHUSD,BUY,1.103972,25504.09,2025-04-01
user_051,XRPUSD,SELL,1.118932,21614.79,2025-03-25
user_083,XRPUSD,BUY,0.425889,58838.0,2025-06-30
user_130,ETHUSD,SELL,0.613577,52248.21,2025-04-13
user_051,SOLUSD,SELL,0.493462,6221.0,2025-06-06
user_108,ETHUSD,SELL,0.517402,52623.08,2025-08-12
user_108,SOLUSD,BUY,2.369064,54023.66,2025-08-04
user_200,XRPUSD,BUY,0.287505,24491.96,2025-06-10
user_136,ETHUSD,SELL,0.894898,42059.45,2025-07-24
user_006,XRPUSD,BUY,2.798199,25876.75,2025-05-06
user_050,XRPUSD,SELL,0.368604,15476.59,2025-05-27
user_065,SOLUSD,BUY,2.801858,2395.58,2025-06-29
user_133,SOLUSD,BUY,0.590984,49277.04,2025-08-19
user_148,ETHUSD,BUY,3.038697,21838.47,2025-04-04
user_086,SOLUSD,BUY,2.695707,29373.1,2025-07-20
user_081,BTCUSD,SELL,0.737443,53094.84,2025-03-13
user_001,BTCUSD,SELL,0.396999,34100.63,2025-03-29
user_113,ETHUSD,BUY,1.577461,250.06,2025-04-10
user_192,BTCUSD,BUY,0.542482,39254.73,2025-03-06
user_152,SOLUSD,BUY,0.699695,8170.95,2025-06-01
user_062,XRPUSD,SELL,0.55438,207.56,2025-08-22
user_096,XRPUSD,BUY,0.468393,2815.53,2025-03-13
user_033,BTCUSD,SELL,0.5324,7023.24,2025-07-23
user_139,SOLUSD,SELL,0.672438,9258.16,2025-04-24
user_159,ETHUSD,SELL,1.564659,29052.21,2025-07-08
user_065,BTCUSD,BUY,2.0883,54533.4,2025-05-12
user_172,ETHUSD,BUY,1.059301,49404.79,2025-07-27
user_150,SOLUSD,BUY,0.971798,37701.06,2025-07-25
user_153,ETHUSD,SELL,0.994248,58972.99,2025-04-16
user_132,SOLUSD,SELL,1.604553,2160.29,2025-07-21
user_176,XRPUSD,BUY,0.4638,7776.49,2025-04-07
user_134,SOLUSD,SELL,2.007464,34656.32,2025-03-19
user_083,BTCUSD,BUY,2.336138,32403.46,2025-07-16
user_132,BTCUSD,BUY,0.463545,23561.44,2025-03-02
user_176,ETHUSD,SELL,1.447385,49755.55,2025-05-23
user_168,BTCUSD,SELL,0.473448,36004.27,2025-06-02
user_066,XRPUSD,BUY,1.326872,23300.52,2025-03-13
user_098,SOLUSD,SELL,6.092054,27452.91,2025-04-13
user_055,ETHUSD,BUY,0.411611,29982.92,2025-06-05
user_079,ETHUSD,BUY,0.221781,39562.26,2025-05-05
user_051,ETHUSD,SELL,4.294656,19757.98,2025-05-12
user_051,BTCUSD,BUY,0.862269,24644.27,2025-07-16
user_159,XRPUSD,BUY,0.837171,57866.56,2025-04-04
user_148,SOLUSD,SELL,1.995603,10358.57,2025-05-15
user_175,SOLUSD,BUY,0.944378,47846.55,2025-08-01
user_155,BTCUSD,SELL,0.361225,43897.21,2025-04-01
user_184,BTCUSD,BUY,0.762694,34520.03,2025-05-21
user_007,ETHUSD,BUY,0.698697,17716.93,2025-03-23
user_137,XRPUSD,BUY,0.799611,35658.82,2025-05-04
user_019,ETHUSD,BUY,0.169459,15070.57,2025-03-11
user_085,SOLUSD,BUY,0.869933,4930.75,2025-05-12
user_059,BTCUSD,SELL,0.499164,31610.64,2025-06-06
user_062,XRPUSD,SELL,0.704729,35142.62,2025-05-15
user_187,ETHUSD,BUY,0.915147,35157.07,2025-07-06
user_044,XRPUSD,SELL,0.278086,22121.17,2025-04-25
user_124,XRPUSD,BUY,1.056301,19237.0,2025-03-20
user_164,BTCUSD,BUY,0.300826,40534.28,2025-03-24
user_083,XRPUSD,BUY,0.602051,17754.23,2025-06-21
user_074,SOLUSD,SELL,0.613024,247.67,2025-03-23
user_155,XRPUSD,SELL,0.283065,29530.03,2025-08-19
user_068,BTCUSD,SELL,0.918986,25570.85,2025-06-04
user_053,XRPUSD,SELL,1.693842,49642.32,2025-06-01
user_135,BTCUSD,BUY,1.331064,14505.86,2025-05-15
user_175,ETHUSD,SELL,0.925981,35346.38,2025-05-10
user_051,BTCUSD,BUY,1.702574,36462.2,2025-04-18
user_046,ETHUSD,BUY,1.347316,27199.38,2025-05-04
user_073,XRPUSD,SELL,0.426731,41347.57,2025-07-02
user_097,ETHUSD,BUY,1.392139,11220.97,2025-07-18
user_007,ETHUSD,BUY,4.480561,53916.0,2025-05-24
user_155,XRPUSD,BUY,1.901966,27016.89,2025-08-05
user_151,XRPUSD,SELL,0.73102,9380.23,2025-06-21
user_033,SOLUSD,BUY,1.556258,31492.63,2025-06-03
user_164,XRPUSD,SELL,3.654746,44742.99,2025-07-23
user_010,SOLUSD,SELL,2.639727,17702.94,2025-04-16
user_083,ETHUSD,BUY,0.484695,13147.67,2025-04-14
user_105,XRPUSD,BUY,1.528133,4047.86,2025-05-03
user_127,SOLUSD,SELL,1.14255,14298.76,2025-04-21
user_029,SOLUSD,BUY,3.578259,33378.7,2025-07-26
user_103,BTCUSD,SELL,2.255761,31693.59,2025-05-03
user_178,SOLUSD,SELL,0.811877,1798.35,2025-05-25
user_005,BTCUSD,BUY,0.739132,14966.58,2025-07-31
user_016,ETHUSD,BUY,3.882079,40590.73,2025-06-02
user_091,XRPUSD,SELL,0.664124,37962.29,2025-05-05
user_061,XRPUSD,BUY,0.441873,71.75,2025-03-31
user_084,XRPUSD,SELL,2.175827,40828.13,2025-03-13
user_129,ETHUSD,SELL,1.054615,23280.14,2025-05-06
user_150,SOLUSD,BUY,1.573677,11276.44,2025-07-11
user_150,SOLUSD,BUY,1.258434,31913.16,2025-02-28
user_051,ETHUSD,BUY,1.634845,43265.8,2025-05-13
user_048,XRPUSD,BUY,0.824307,48066.54,2025-07-24
user_018,SOLUSD,BUY,1.058917,23954.37,2025-03-25
user_007,XRPUSD,SELL,1.007758,37513.34,2025-05-13
user_094,BTCUSD,BUY,0.739797,28415.08,2025-05-17
user_182,ETHUSD,SELL,2.448739,47130.18,2025-03-07
user_007,BTCUSD,BUY,0.67738,35358.09,2025-05-28
user_197,SOLUSD,SELL,0.687057,26169.05,2025-07-08
user_097,SOLUSD,BUY,0.996366,45575.74,2025-05-07
user_022,BTCUSD,BUY,1.530222,34989.73,2025-07-07
user_088,XRPUSD,SELL,0.824087,19769.0,2025-07-30
user_187,SOLUSD,BUY,0.865775,34743.55,2025-03-21
user_052,ETHUSD,BUY,3.136848,7065.34,2025-07-09
user_137,ETHUSD,SELL,3.731064,36017.52,2025-03-22
user_182,BTCUSD,SELL,2.008094,54719.93,2025-05-02
user_098,BTCUSD,SELL,0.966838,46092.75,2025-06-21
user_196,XRPUSD,SELL,0.697094,5090.81,2025-05-19
user_034,XRPUSD,BUY,1.409287,50451.61,2025-04-29
user_135,XRPUSD,SELL,0.396812,50869.11,2025-03-27
user_038,BTCUSD,SELL,0.237634,37289.64,2025-05-05
user_071,ETHUSD,SELL,0.771456,392.57,2025-06-14
user_049,XRPUSD,SELL,0.741714,42643.1,2025-03-30
user_156,BTCUSD,SELL,1.738927,42843.63,2025-03-02
user_084,SOLUSD,BUY,1.089268,6198.13,2025-06-30
user_050,ETHUSD,BUY,1.110107,55493.2,2025-08-18
user_023,SOLUSD,BUY,0.460932,14842.59,2025-08-14
user_050,BTCUSD,SELL,0.7606,16201.13,2025-05-25
user_190,BTCUSD,BUY,2.112827,54084.55,2025-07-29
user_053,ETHUSD,SELL,1.213556,2599.62,2025-08-03
user_158,XRPUSD,SELL,0.849153,48047.82,2025-06-19
user_170,XRPUSD,BUY,0.944583,30217.07,2025-07-25
user_095,SOLUSD,BUY,0.969226,16305.24,2025-06-28
user_190,XRPUSD,BUY,1.381043,8699.68,2025-04-04
user_029,ETHUSD,BUY,6.190683,44358.84,2025-06-26
user_072,XRPUSD,BUY,0.350439,11543.84,2025-05-20
user_097,SOLUSD,SELL,0.527602,10860.09,2025-05-13
user_064,XRPUSD,SELL,0.935945,5167.84,2025-06-22
user_136,SOLUSD,SELL,0.833922,16425.15,2025-06-29
user_172,BTCUSD,SELL,1.11951,26306.96,2025-04-06
user_021,SOLUSD,SELL,0.587206,10451.28,2025-06-14
user_138,BTCUSD,BUY,1.497464,23233.41,2025-08-17
user_119,XRPUSD,BUY,0.504934,3381.13,2025-07-28
user_148,SOLUSD,SELL,0.980977,35466.94,2025-03-29
user_082,BTCUSD,SELL,1.871973,53125.86,2025-08-02
user_121,BTCUSD,BUY,2.576915,54885.99,2025-08-15
user_176,XRPUSD,SELL,0.85358,10452.3,2025-07-03
user_180,SOLUSD,SELL,1.990008,54042.07,2025-06-15
user_084,BTCUSD,SELL,0.719565,41051.49,2025-07-10
user_184,ETHUSD,SELL,1.149471,34362.32,2025-07-25
user_089,ETHUSD,BUY,0.562426,16918.77,2025-05-28
user_190,BTCUSD,SELL,0.912912,22716.29,2025-07-06
user_067,BTCUSD,SELL,0.958834,41560.2,2025-04-18
user_143,BTCUSD,SELL,1.855672,8132.72,2025-04-16
user_079,SOLUSD,BUY,0.659417,26433.67,2025-07-21
user_051,SOLUSD,SELL,0.656204,35874.55,2025-08-17
user_085,ETHUSD,SELL,1.475904,47939.16,2025-04-05
user_107,BTCUSD,BUY,1.369007,50299.59,2025-04-18
user_197,XRPUSD,SELL,6.582069,59125.37,2025-07-05
user_125,XRPUSD,SELL,1.636232,4848.65,2025-08-05
user_103,BTCUSD,SELL,0.574914,2580.03,2025-05-31
user_123,SOLUSD,BUY,0.340175,7963.84,2025-03-24
user_200,ETHUSD,BUY,1.441097,55211.8,2025-06-22
user_035,ETHUSD,BUY,0.412894,51479.23,2025-08-14
user_090,SOLUSD,SELL,0.548252,36268.13,2025-07-12
user_081,SOLUSD,BUY,0.90485,55694.58,2025-07-22
user_106,BTCUSD,BUY,0.475069,54073.2,2025-05-09
user_066,BTCUSD,SELL,0.997488,9280.82,2025-07-10
user_070,BTCUSD,BUY,0.913509,32033.36,2025-05-01
user_079,XRPUSD,SELL,0.615079,45482.18,2025-03-02
user_123,ETHUSD,SELL,2.262545,40126.25,2025-08-15
user_094,BTCUSD,SELL,0.302599,41033.99,2025-03-11
user_035,ETHUSD,BUY,0.594347,48455.35,2025-03-15
user_171,SOLUSD,BUY,1.469782,3480.57,2025-03-14
user_191,BTCUSD,BUY,0.857554,393.56,2025-07-28
user_173,SOLUSD,SELL,0.715968,59830.57,2025-06-25
user_113,SOLUSD,BUY,1.130389,44697.23,2025-07-21
user_123,BTCUSD,BUY,0.807382,6335.91,2025-05-08
user_178,SOLUSD,SELL,1.599479,30909.95,2025-05-30
user_132,SOLUSD,BUY,1.723675,37867.25,2025-06-16
user_136,BTCUSD,BUY,2.659121,45428.19,2025-07-30
user_099,XRPUSD,BUY,1.787746,23532.72,2025-04-15
user_080,XRPUSD,BUY,0.490245,4194.51,2025-07-16
user_166,XRPUSD,BUY,1.673307,53756.88,2025-06-24
user_007,ETHUSD,SELL,0.725976,16976.48,2025-04-28
user_110,ETHUSD,SELL,1.216498,57422.24,2025-07-06
user_094,ETHUSD,BUY,1.396135,51832.31,2025-03-22
user_145,BTCUSD,SELL,0.641065,29948.42,2025-04-15
user_124,ETHUSD,BUY,0.883091,1618.56,2025-06-29
user_177,XRPUSD,BUY,0.816124,39942.14,2025-06-09
user_098,BTCUSD,BUY,0.742169,30597.55,2025-03-09
user_080,ETHUSD,SELL,1.662791,7520.91,2025-07-16
user_072,XRPUSD,BUY,0.317858,45344.93,2025-07-25
user_083,BTCUSD,SELL,0.571923,36387.43,2025-08-02
user_127,BTCUSD,SELL,1.808861,30203.12,2025-04-15
user_075,XRPUSD,SELL,1.02021,59968.97,2025-08-11
user_074,BTCUSD,SELL,0.943312,5981.14,2025-04-18
user_032,ETHUSD,SELL,2.554877,18046.11,2025-07-03
user_122,XRPUSD,SELL,1.1223,15649.91,2025-04-12
user_140,ETHUSD,BUY,0.878177,39093.08,2025-04-21
user_096,SOLUSD,BUY,1.75128,44421.38,2025-07-12
user_007,BTCUSD,BUY,1.644806,53728.86,2025-06-26
user_184,XRPUSD,SELL,2.381696,54345.62,2025-08-03
user_092,XRPUSD,SELL,1.707142,4516.96,2025-06-08
user_039,ETHUSD,BUY,0.587276,19084.6,2025-03-15
user_030,BTCUSD,SELL,2.674048,34283.39,2025-06-04
user_191,ETHUSD,SELL,0.566531,6459.61,2025-06-23
user_095,SOLUSD,SELL,4.264455,52892.22,2025-07-28
user_163,ETHUSD,SELL,1.848591,4214.44,2025-05-31
user_036,ETHUSD,SELL,2.291424,2069.55,2025-06-12
user_044,BTCUSD,SELL,0.509278,12221.17,2025-08-07
user_078,SOLUSD,BUY,1.765018,17164.78,2025-03-11
user_001,BTCUSD,BUY,0.507716,35979.74,2025-06-10
user_155,BTCUSD,SELL,0.871635,12048.43,2025-08-08
user_024,ETHUSD,SELL,0.262584,953.04,2025-04-11
user_175,XRPUSD,SELL,0.594938,33866.39,2025-05-13
user_030,SOLUSD,BUY,0.4077,56644.56,2025-02-28
user_112,BTCUSD,SELL,0.796702,38888.38,2025-07-06
user_183,BTCUSD,BUY,1.199597,7071.01,2025-06-10
user_014,ETHUSD,SELL,1.046649,36162.04,2025-07-05
user_096,XRPUSD,SELL,5.455509,40698.22,2025-06-22
user_176,BTCUSD,BUY,1.356118,34526.92,2025-04-16
user_117,BTCUSD,BUY,1.483271,49478.69,2025-05-31
user_095,SOLUSD,BUY,1.411659,58715.99,2025-06-18
user_021,ETHUSD,BUY,0.738204,7011.19,2025-06-26
user_083,SOLUSD,BUY,0.683095,46594.15,2025-07-10
user_047,SOLUSD,SELL,1.025251,56923.04,2025-05-12
user_051,ETHUSD,SELL,0.177228,54464.06,2025-08-08
user_192,ETHUSD,BUY,1.082911,8011.97,2025-07-30
user_063,XRPUSD,BUY,0.932852,33568.79,2025-05-28
user_018,BTCUSD,SELL,2.044843,31702.24,2025-07-06
user_090,SOLUSD,BUY,1.658109,57068.11,2025-03-26
user_137,ETHUSD,BUY,1.229268,49870.58,2025-04-16
user_124,ETHUSD,SELL,0.743562,29274.61,2025-03-03
user_099,BTCUSD,SELL,0.530328,54328.6,2025-06-14
user_095,SOLUSD,BUY,1.488013,59030.63,2025-06-29
user_153,SOLUSD,BUY,1.119631,35919.07,2025-07-06
user_072,ETHUSD,BUY,1.485064,50709.56,2025-07-02
user_121,XRPUSD,SELL,2.13508,4968.48,2025-06-01
user_001,BTCUSD,BUY,0.466446,6972.66,2025-03-29
user_048,BTCUSD,SELL,1.665719,53573.35,2025-06-19
user_194,SOLUSD,BUY,0.448567,23213.07,2025-05-24
user_004,ETHUSD,BUY,1.805786,58396.86,2025-06-01
user_101,BTCUSD,SELL,1.076525,41728.14,2025-06-04
user_026,XRPUSD,SELL,1.216333,42763.47,2025-06-29
user_176,SOLUSD,BUY,2.05398,23628.39,2025-05-24
user_116,ETHUSD,SELL,0.430641,31537.37,2025-05-12
user_075,SOLUSD,SELL,0.248705,27839.0,2025-06-16
user_066,SOLUSD,BUY,2.427243,12508.45,2025-06-11
user_061,ETHUSD,SELL,2.953642,25790.17,2025-03-13
user_033,ETHUSD,SELL,1.663023,58661.03,2025-03-18
user_082,SOLUSD,BUY,1.206984,35020.21,2025-03-17
user_097,BTCUSD,BUY,0.713461,2187.41,2025-07-21
user_145,XRPUSD,BUY,1.300415,32675.4,2025-08-14
user_177,SOLUSD,BUY,0.989566,26188.79,2025-07-05
user_016,BTCUSD,SELL,2.129954,22028.2,2025-03-07
user_093,XRPUSD,SELL,0.95807,51551.42,2025-05-20
user_067,BTCUSD,SELL,1.380268,8637.75,2025-05-31
user_187,BTCUSD,BUY,0.287581,49503.57,2025-07-24
user_124,XRPUSD,SELL,1.287419,1563.82,2025-07-28
user_150,ETHUSD,BUY,3.658019,28880.63,2025-03-12
user_094,XRPUSD,SELL,0.808572,51387.03,2025-07-01
user_149,ETHUSD,SELL,0.410123,46178.5,2025-06-15
user_175,ETHUSD,SELL,1.156956,31813.72,2025-08-12
user_029,BTCUSD,BUY,2.104199,54076.95,2025-07-20
user_077,BTCUSD,BUY,1.665037,44951.42,2025-04-29
user_142,BTCUSD,BUY,5.057522,14113.48,2025-03-18
user_134,ETHUSD,BUY,1.174423,36213.92,2025-04-04
user_168,ETHUSD,BUY,2.297962,5405.73,2025-06-04
user_124,SOLUSD,BUY,0.686795,24840.43,2025-07-28
user_180,BTCUSD,BUY,0.320815,46699.28,2025-07-26
user_072,XRPUSD,SELL,0.612787,34961.21,2025-03-25
user_047,XRPUSD,SELL,0.737989,36904.74,2025-04-13
user_062,SOLUSD,BUY,0.948628,39186.82,2025-05-22
user_120,XRPUSD,SELL,2.019726,11145.03,2025-04-21
user_129,BTCUSD,BUY,0.817589,23196.68,2025-04-22
user_111,ETHUSD,SELL,1.499705,14289.17,2025-05-16
user_163,SOLUSD,SELL,1.255252,22328.01,2025-05-29
user_047,ETHUSD,SELL,1.245995,18449.63,2025-06-05
user_029,BTCUSD,BUY,1.486451,37444.96,2025-05-21
user_045,XRPUSD,BUY,1.369182,55644.95,2025-08-08
user_176,SOLUSD,BUY,0.528752,10786.78,2025-07-06
user_159,BTCUSD,BUY,0.862699,40193.22,2025-07-22
user_139,ETHUSD,BUY,0.502469,17540.69,2025-04-14
user_164,ETHUSD,SELL,0.893971,31841.0,2025-05-15
user_009,BTCUSD,BUY,0.932633,13297.67,2025-05-24
user_029,ETHUSD,SELL,1.588819,41911.86,2025-06-11
user_092,BTCUSD,SELL,1.433842,15276.42,2025-03-01
user_187,ETHUSD,BUY,2.215738,51699.58,2025-08-19
user_096,SOLUSD,BUY,0.20812,36287.52,2025-07-10
user_157,ETHUSD,BUY,1.279584,42039.73,2025-06-18
user_075,SOLUSD,BUY,1.874248,37684.79,2025-03-12
user_113,ETHUSD,SELL,1.243506,52716.06,2025-05-18
user_094,ETHUSD,SELL,0.325498,31942.49,2025-08-21
user_012,XRPUSD,SELL,2.062885,5189.34,2025-06-23
user_126,ETHUSD,BUY,1.854171,39691.92,2025-03-28
user_068,XRPUSD,BUY,0.654148,9999.46,2025-06-16
user_072,XRPUSD,BUY,0.506882,51350.51,2025-05-13
user_018,XRPUSD,SELL,0.965647,6559.09,2025-07-20
user_164,SOLUSD,BUY,2.434792,28371.87,2025-08-16
user_066,XRPUSD,SELL,3.450588,16701.3,2025-05-04
user_141,ETHUSD,SELL,2.688637,45695.43,2025-07-27
user_193,SOLUSD,BUY,0.836371,44331.16,2025-03-03
user_106,BTCUSD,SELL,0.72059,5954.8,2025-06-23
user_049,XRPUSD,BUY,1.491874,51691.3,2025-06-21
user_021,SOLUSD,BUY,1.556784,36358.29,2025-04-09
user_063,SOLUSD,SELL,2.08993,22018.63,2025-07-29
user_164,XRPUSD,BUY,1.78747,54782.95,2025-06-18
user_026,ETHUSD,BUY,0.50094,26225.42,2025-06-14
user_097,XRPUSD,BUY,0.519975,1432.08,2025-03-14
user_045,SOLUSD,SELL,0.578575,31223.8,2025-08-13
user_085,SOLUSD,BUY,1.317329,28891.97,2025-05-10
user_028,SOLUSD,BUY,1.966137,59427.52,2025-04-14
user_077,ETHUSD,BUY,1.972457,45713.07,2025-05-18
user_024,SOLUSD,BUY,1.026926,19865.4,2025-05-24
user_111,BTCUSD,SELL,0.203301,8182.03,2025-03-19
user_170,ETHUSD,BUY,1.155833,21412.43,2025-04-08
user_018,XRPUSD,BUY,1.362071,16662.09,2025-03-17
user_020,SOLUSD,BUY,1.524702,22081.12,2025-07-17
user_150,BTCUSD,SELL,0.443005,30187.62,2025-08-03
user_120,SOLUSD,SELL,3.932464,41893.12,2025-03-23
user_100,SOLUSD,BUY,0.423119,31239.23,2025-04-19
user_111,XRPUSD,SELL,0.998256,21373.53,2025-03-27
user_076,ETHUSD,BUY,0.551098,26345.74,2025-04-09
user_082,BTCUSD,BUY,0.47372,53197.92,2025-06-18
user_183,BTCUSD,BUY,2.025822,28280.9,2025-06-08
user_008,BTCUSD,SELL,2.572395,119.78,2025-06-09
user_072,SOLUSD,SELL,2.318201,23296.37,2025-04-24
user_129,BTCUSD,SELL,0.757945,33833.51,2025-08-03
user_173,BTCUSD,SELL,0.862115,35916.87,2025-08-11
user_060,ETHUSD,BUY,1.259948,10727.43,2025-03-31
user_080,SOLUSD,BUY,1.246757,13981.57,2025-03-21
user_181,BTCUSD,BUY,0.66197,15848.31,2025-07-10
user_090,SOLUSD,SELL,0.369143,11456.13,2025-03-09
user_001,ETHUSD,BUY,3.411189,27120.57,2025-08-16
user_126,BTCUSD,SELL,1.014487,20011.85,2025-07-04
user_052,BTCUSD,BUY,1.307243,7587.33,2025-04-16
user_183,SOLUSD,BUY,2.753272,16336.58,2025-07-22
user_200,SOLUSD,SELL,0.487986,419.43,2025-04-17
user_160,XRPUSD,SELL,0.735552,33985.7,2025-04-23
user_089,SOLUSD,SELL,0.2715,41032.67,2025-04-10
user_143,BTCUSD,BUY,1.067484,15989.08,2025-05-16
user_012,XRPUSD,SELL,0.668547,56878.69,2025-08-20
user_083,SOLUSD,BUY,0.64558,2499.07,2025-08-18
user_115,XRPUSD,SELL,0.915434,15931.7,2025-06-13
user_097,BTCUSD,BUY,1.564091,50819.52,2025-04-20
user_093,SOLUSD,BUY,0.524921,18760.4,2025-05-05
user_051,SOLUSD,BUY,3.408912,23915.28,2025-06-01
user_097,ETHUSD,SELL,1.616831,3988.87,2025-06-07
user_135,SOLUSD,BUY,1.474916,49470.57,2025-04-04
user_144,XRPUSD,BUY,0.901197,5201.09,2025-05-30
user_052,ETHUSD,SELL,1.818995,29159.03,2025-07-24
user_058,SOLUSD,BUY,0.662966,45600.42,2025-04-29
user_035,ETHUSD,SELL,0.710504,33511.37,2025-04-07
user_076,SOLUSD,SELL,1.672172,6794.7,2025-07-16
user_041,ETHUSD,SELL,2.947574,19814.36,2025-03-18
user_163,SOLUSD,SELL,0.471622,39408.94,2025-06-08
user_126,SOLUSD,BUY,1.962723,21581.78,2025-03-06
user_102,ETHUSD,SELL,0.5697,47430.97,2025-07-30
user_169,BTCUSD,SELL,0.861086,27841.31,2025-07-16
user_061,BTCUSD,BUY,0.572977,25436.49,2025-08-06
user_012,BTCUSD,BUY,0.339874,59328.32,2025-07-31
user_087,XRPUSD,SELL,0.264657,11597.49,2025-03-07
user_151,XRPUSD,BUY,1.357654,24823.57,2025-03-10
user_124,XRPUSD,SELL,3.213649,38015.39,2025-04-20
user_188,BTCUSD,SELL,1.023326,51889.43,2025-07-24
user_009,ETHUSD,SELL,2.497652,5636.96,2025-06-24
user_152,BTCUSD,BUY,0.441261,23209.05,2025-05-11
user_116,BTCUSD,SELL,2.566449,34265.47,2025-06-21
user_032,ETHUSD,SELL,0.212406,18506.32,2025-08-12
user_052,SOLUSD,SELL,0.835125,37102.73,2025-07-15
user_026,ETHUSD,SELL,0.265321,12305.61,2025-03-10
user_060,ETHUSD,BUY,1.156105,46470.35,2025-06-08
user_195,ETHUSD,BUY,0.726935,15706.32,2025-03-11
user_197,BTCUSD,SELL,1.713746,14356.19,2025-05-26
user_082,SOLUSD,BUY,1.341919,4483.67,2025-06-27
user_037,XRPUSD,BUY,1.451066,49961.63,2025-03-06
user_152,BTCUSD,SELL,0.944832,19291.63,2025-04-11
user_152,XRPUSD,BUY,3.124077,52893.93,2025-03-11
user_144,XRPUSD,SELL,0.44776,27797.12,2025-07-26
user_006,ETHUSD,BUY,2.212218,52891.2,2025-04-15
