user_id,date,equity_usd
user_001,2025-02-26,1027.68
user_001,2025-02-27,1026.29
user_001,2025-02-28,1008.15
user_001,2025-03-01,1024.2
user_001,2025-03-02,1031.43
user_001,2025-03-03,1024.88
user_001,2025-03-04,1016.67
user_001,2025-03-05,1024.52
user_001,2025-03-06,1023.17
user_001,2025-03-07,1005.03
user_001,2025-03-08,1024.02
user_001,2025-03-09,1020.79
user_001,2025-03-10,1036.87
user_001,2025-03-11,1050.77
user_001,2025-03-12,1041.88
user_001,2025-03-13,1053.32
user_001,2025-03-14,1047.93
user_001,2025-03-15,1030.38
user_001,2025-03-16,1027.25
user_001,2025-03-17,1032.34
user_001,2025-03-18,1028.83
user_001,2025-03-19,1026.88
user_001,2025-03-20,1039.43
user_001,2025-03-21,1041.61
user_001,2025-03-22,1034.3
user_001,2025-03-23,1042.44
user_001,2025-03-24,1045.53
user_001,2025-03-25,1021.43
user_001,2025-03-26,1026.83
user_001,2025-03-27,1031.87
user_001,2025-03-28,1033.19
user_001,2025-03-29,1043.22
user_001,2025-03-30,1037.61
user_001,2025-03-31,1042.1
user_001,2025-04-01,1027.54
user_001,2025-04-02,1032.73
user_001,2025-04-03,1053.38
user_001,2025-04-04,1044.55
user_001,2025-04-05,1038.07
user_001,2025-04-06,1032.09
user_001,2025-04-07,1034.5
user_001,2025-04-08,1024.99
user_001,2025-04-09,1030.32
user_001,2025-04-10,1039.91
user_001,2025-04-11,1046.37
user_001,2025-04-12,1029.8
user_001,2025-04-13,1040.87
user_001,2025-04-14,1051.36
user_001,2025-04-15,1060.78
user_001,2025-04-16,1065.62
user_001,2025-04-17,1068.94
user_001,2025-04-18,1080.38
user_001,2025-04-19,1100.74
user_001,2025-04-20,1092.32
user_001,2025-04-21,1104.22
user_001,2025-04-22,1104.48
user_001,2025-04-23,1104.3
user_001,2025-04-24,1090.05
user_001,2025-04-25,1088.32
user_001,2025-04-26,1079.46
user_001,2025-04-27,1075.94
user_001,2025-04-28,1066.08
user_001,2025-04-29,1062.71
user_001,2025-04-30,1059.76
user_001,2025-05-01,1061.85
user_001,2025-05-02,1046.82
user_001,2025-05-03,1033.48
user_001,2025-05-04,1038.22
user_001,2025-05-05,1031.36
user_001,2025-05-06,1043.22
user_001,2025-05-07,1046.59
user_001,2025-05-08,1053.78
user_001,2025-05-09,1069.0
user_001,2025-05-10,1067.02
user_001,2025-05-11,1062.39
user_001,2025-05-12,1072.23
user_001,2025-05-13,1078.44
user_001,2025-05-14,1077.68
user_001,2025-05-15,1092.72
user_001,2025-05-16,1091.71
user_001,2025-05-17,1093.16
user_001,2025-05-18,1094.49
user_001,2025-05-19,1086.26
user_001,2025-05-20,1088.15
user_001,2025-05-21,1103.24
user_001,2025-05-22,1108.8
user_001,2025-05-23,1110.23
user_001,2025-05-24,1109.73
user_001,2025-05-25,1114.16
user_001,2025-05-26,1122.77
user_001,2025-05-27,1129.98
user_001,2025-05-28,1127.78
user_001,2025-05-29,1132.14
user_001,2025-05-30,1138.06
user_001,2025-05-31,1129.11
user_001,2025-06-01,1131.91
user_001,2025-06-02,1111.41
user_001,2025-06-03,1117.35
user_001,2025-06-04,1125.07
user_001,2025-06-05,1133.67
user_001,2025-06-06,1130.83
user_001,2025-06-07,1135.04
user_001,2025-06-08,1150.4
user_001,2025-06-09,1165.65
user_001,2025-06-10,1166.48
user_001,2025-06-11,1168.99
user_001,2025-06-12,1181.22
user_001,2025-06-13,1167.33
user_001,2025-06-14,1165.21
user_001,2025-06-15,1179.68
user_001,2025-06-16,1190.55
user_001,2025-06-17,1195.36
user_001,2025-06-18,1181.42
user_001,2025-06-19,1182.04
user_001,2025-06-20,1177.26
user_001,2025-06-21,1181.69
user_001,2025-06-22,1174.71
user_001,2025-06-23,1165.57
user_001,2025-06-24,1146.04
user_001,2025-06-25,1159.38
user_001,2025-06-26,1156.49
user_001,2025-06-27,1159.18
user_001,2025-06-28,1160.28
user_001,2025-06-29,1150.72
user_001,2025-06-30,1139.25
user_001,2025-07-01,1130.31
user_001,2025-07-02,1124.2
user_001,2025-07-03,1128.98
user_001,2025-07-04,1122.14
user_001,2025-07-05,1140.72
user_001,2025-07-06,1152.11
user_001,2025-07-07,1161.31
user_001,2025-07-08,1161.23
user_001,2025-07-09,1177.49
user_001,2025-07-10,1176.43
user_001,2025-07-11,1177.24
user_001,2025-07-12,1180.05
user_001,2025-07-13,1188.19
user_001,2025-07-14,1195.68
user_001,2025-07-15,1192.04
user_001,2025-07-16,1187.83
user_001,2025-07-17,1195.35
user_001,2025-07-18,1203.61
user_001,2025-07-19,1200.8
user_001,2025-07-20,1186.04
user_001,2025-07-21,1185.09
user_001,2025-07-22,1192.44
user_001,2025-07-23,1211.61
user_001,2025-07-24,1200.75
user_001,2025-07-25,1197.6
user_001,2025-07-26,1194.82
user_001,2025-07-27,1209.5
user_001,2025-07-28,1210.27
user_001,2025-07-29,1202.31
user_001,2025-07-30,1209.02
user_001,2025-07-31,1206.09
user_001,2025-08-01,1194.96
user_001,2025-08-02,1187.15
user_001,2025-08-03,1205.61
user_001,2025-08-04,1210.57
user_001,2025-08-05,1212.76
user_001,2025-08-06,1211.38
user_001,2025-08-07,1215.42
user_001,2025-08-08,1219.34
user_001,2025-08-09,1223.38
user_001,2025-08-10,1225.64
user_001,2025-08-11,1235.45
user_001,2025-08-12,1236.8
user_001,2025-08-13,1228.14
user_001,2025-08-14,1223.13
user_001,2025-08-15,1204.46
user_001,2025-08-16,1225.84
user_001,2025-08-17,1235.59
user_001,2025-08-18,1228.4
user_001,2025-08-19,1226.7
user_001,2025-08-20,1221.45
user_001,2025-08-21,1237.99
user_001,2025-08-22,1224.91
user_001,2025-08-23,1227.17
user_001,2025-08-24,1227.21
user_002,2025-02-26,1008.27
user_002,2025-02-27,1008.35
user_002,2025-02-28,991.88
user_002,2025-03-01,990.49
user_002,2025-03-02,981.88
user_002,2025-03-03,983.8
user_002,2025-03-04,999.25
user_002,2025-03-05,982.98
user_002,2025-03-06,976.09
user_002,2025-03-07,971.68
user_002,2025-03-08,968.98
user_002,2025-03-09,977.5
user_002,2025-03-10,976.88
user_002,2025-03-11,982.16
user_002,2025-03-12,977.02
user_002,2025-03-13,980.44
user_002,2025-03-14,989.33
user_002,2025-03-15,983.13
user_002,2025-03-16,992.06
user_002,2025-03-17,993.7
user_002,2025-03-18,1005.27
user_002,2025-03-19,1004.37
user_002,2025-03-20,1009.3
user_002,2025-03-21,1010.01
user_002,2025-03-22,1010.17
user_002,2025-03-23,1013.88
user_002,2025-03-24,1020.36
user_002,2025-03-25,1008.98
user_002,2025-03-26,1024.44
user_002,2025-03-27,1006.96
user_002,2025-03-28,1001.23
user_002,2025-03-29,1001.4
user_002,2025-03-30,1006.64
user_002,2025-03-31,1023.52
user_002,2025-04-01,1006.06
user_002,2025-04-02,1002.1
user_002,2025-04-03,981.94
user_002,2025-04-04,983.38
user_002,2025-04-05,987.21
user_002,2025-04-06,1004.24
user_002,2025-04-07,1006.56
user_002,2025-04-08,1018.12
user_002,2025-04-09,1025.07
user_002,2025-04-10,1021.84
user_002,2025-04-11,1008.87
user_002,2025-04-12,1012.73
user_002,2025-04-13,998.93
user_002,2025-04-14,1013.0
user_002,2025-04-15,1012.5
user_002,2025-04-16,1025.57
user_002,2025-04-17,1021.88
user_002,2025-04-18,1025.69
user_002,2025-04-19,1028.9
user_002,2025-04-20,1029.56
user_002,2025-04-21,1026.36
user_002,2025-04-22,1031.4
user_002,2025-04-23,1023.25
user_002,2025-04-24,1012.28
user_002,2025-04-25,1025.82
user_002,2025-04-26,1034.21
user_002,2025-04-27,1035.99
user_002,2025-04-28,1053.76
user_002,2025-04-29,1052.2
user_002,2025-04-30,1066.54
user_002,2025-05-01,1069.41
user_002,2025-05-02,1060.28
user_002,2025-05-03,1079.88
user_002,2025-05-04,1090.9
user_002,2025-05-05,1090.81
user_002,2025-05-06,1099.2
user_002,2025-05-07,1096.28
user_002,2025-05-08,1105.69
user_002,2025-05-09,1082.9
user_002,2025-05-10,1073.82
user_002,2025-05-11,1084.73
user_002,2025-05-12,1083.35
user_002,2025-05-13,1086.54
user_002,2025-05-14,1074.19
user_002,2025-05-15,1093.78
user_002,2025-05-16,1106.81
user_002,2025-05-17,1105.92
user_002,2025-05-18,1102.99
user_002,2025-05-19,1114.4
user_002,2025-05-20,1135.34
user_002,2025-05-21,1146.0
user_002,2025-05-22,1168.83
user_002,2025-05-23,1160.73
user_002,2025-05-24,1153.65
user_002,2025-05-25,1142.88
user_002,2025-05-26,1148.41
user_002,2025-05-27,1151.29
user_002,2025-05-28,1150.88
user_002,2025-05-29,1160.09
user_002,2025-05-30,1173.54
user_002,2025-05-31,1159.4
user_002,2025-06-01,1154.54
user_002,2025-06-02,1163.86
user_002,2025-06-03,1160.3
user_002,2025-06-04,1153.44
user_002,2025-06-05,1164.74
user_002,2025-06-06,1152.96
user_002,2025-06-07,1151.06
user_002,2025-06-08,1155.47
user_002,2025-06-09,1150.85
user_002,2025-06-10,1159.8
user_002,2025-06-11,1155.22
user_002,2025-06-12,1170.43
user_002,2025-06-13,1170.29
user_002,2025-06-14,1178.12
user_002,2025-06-15,1186.7
user_002,2025-06-16,1181.54
user_002,2025-06-17,1162.12
user_002,2025-06-18,1166.84
user_002,2025-06-19,1168.68
user_002,2025-06-20,1175.36
user_002,2025-06-21,1174.21
user_002,2025-06-22,1171.03
user_002,2025-06-23,1192.23
user_002,2025-06-24,1178.62
user_002,2025-06-25,1187.08
user_002,2025-06-26,1182.45
user_002,2025-06-27,1180.21
user_002,2025-06-28,1178.16
user_002,2025-06-29,1171.24
user_002,2025-06-30,1178.07
user_002,2025-07-01,1193.09
user_002,2025-07-02,1198.91
user_002,2025-07-03,1201.06
user_002,2025-07-04,1192.31
user_002,2025-07-05,1198.6
user_002,2025-07-06,1221.28
user_002,2025-07-07,1218.59
user_002,2025-07-08,1215.95
user_002,2025-07-09,1211.45
user_002,2025-07-10,1207.68
user_002,2025-07-11,1181.34
user_002,2025-07-12,1186.51
user_002,2025-07-13,1179.17
user_002,2025-07-14,1164.19
user_002,2025-07-15,1172.83
user_002,2025-07-16,1163.13
user_002,2025-07-17,1160.86
user_002,2025-07-18,1176.64
user_002,2025-07-19,1163.67
user_002,2025-07-20,1149.46
user_002,2025-07-21,1153.27
user_002,2025-07-22,1165.88
user_002,2025-07-23,1151.26
user_002,2025-07-24,1156.45
user_002,2025-07-25,1163.38
user_002,2025-07-26,1143.9
user_002,2025-07-27,1153.01
user_002,2025-07-28,1162.89
user_002,2025-07-29,1160.89
user_002,2025-07-30,1174.53
user_002,2025-07-31,1187.01
user_002,2025-08-01,1189.16
user_002,2025-08-02,1185.76
user_002,2025-08-03,1177.15
user_002,2025-08-04,1177.89
user_002,2025-08-05,1184.71
user_002,2025-08-06,1182.58
user_002,2025-08-07,1161.73
user_002,2025-08-08,1175.53
user_002,2025-08-09,1178.55
user_002,2025-08-10,1175.87
user_002,2025-08-11,1185.56
user_002,2025-08-12,1201.92
user_002,2025-08-13,1175.02
user_002,2025-08-14,1180.48
user_002,2025-08-15,1167.33
user_002,2025-08-16,1173.44
user_002,2025-08-17,1175.84
user_002,2025-08-18,1183.31
user_002,2025-08-19,1179.44
user_002,2025-08-20,1161.82
user_002,2025-08-21,1158.44
user_002,2025-08-22,1163.62
user_002,2025-08-23,1174.89
user_002,2025-08-24,1164.29
user_003,2025-02-26,1010.27
user_003,2025-02-27,1004.91
user_003,2025-02-28,1009.65
user_003,2025-03-01,1005.67
user_003,2025-03-02,1008.61
user_003,2025-03-03,1018.64
user_003,2025-03-04,1007.49
user_003,2025-03-05,1001.81
user_003,2025-03-06,1004.78
user_003,2025-03-07,1029.91
user_003,2025-03-08,1022.4
user_003,2025-03-09,1043.91
user_003,2025-03-10,1065.08
user_003,2025-03-11,1065.22
user_003,2025-03-12,1063.36
user_003,2025-03-13,1057.55
user_003,2025-03-14,1057.99
user_003,2025-03-15,1045.04
user_003,2025-03-16,1045.39
user_003,2025-03-17,1061.48
user_003,2025-03-18,1056.49
user_003,2025-03-19,1055.2
user_003,2025-03-20,1039.3
user_003,2025-03-21,1044.16
user_003,2025-03-22,1047.92
user_003,2025-03-23,1049.68
user_003,2025-03-24,1048.62
user_003,2025-03-25,1046.81
user_003,2025-03-26,1052.95
user_003,2025-03-27,1053.78
user_003,2025-03-28,1058.05
user_003,2025-03-29,1061.31
user_003,2025-03-30,1073.67
user_003,2025-03-31,1081.55
user_003,2025-04-01,1084.6
user_003,2025-04-02,1100.9
user_003,2025-04-03,1106.22
user_003,2025-04-04,1120.39
user_003,2025-04-05,1127.57
user_003,2025-04-06,1110.27
user_003,2025-04-07,1124.44
user_003,2025-04-08,1126.91
user_003,2025-04-09,1127.5
user_003,2025-04-10,1131.44
user_003,2025-04-11,1129.1
user_003,2025-04-12,1132.49
user_003,2025-04-13,1127.69
user_003,2025-04-14,1141.55
user_003,2025-04-15,1141.53
user_003,2025-04-16,1138.82
user_003,2025-04-17,1130.69
user_003,2025-04-18,1134.5
user_003,2025-04-19,1137.48
user_003,2025-04-20,1142.49
user_003,2025-04-21,1133.33
user_003,2025-04-22,1118.44
user_003,2025-04-23,1125.81
user_003,2025-04-24,1141.77
user_003,2025-04-25,1132.63
user_003,2025-04-26,1149.64
user_003,2025-04-27,1153.59
user_003,2025-04-28,1154.64
user_003,2025-04-29,1151.78
user_003,2025-04-30,1139.06
user_003,2025-05-01,1150.05
user_003,2025-05-02,1143.41
user_003,2025-05-03,1136.73
user_003,2025-05-04,1147.77
user_003,2025-05-05,1130.05
user_003,2025-05-06,1115.94
user_003,2025-05-07,1116.87
user_003,2025-05-08,1120.92
user_003,2025-05-09,1126.89
user_003,2025-05-10,1124.99
user_003,2025-05-11,1151.41
user_003,2025-05-12,1150.25
user_003,2025-05-13,1149.05
user_003,2025-05-14,1142.2
user_003,2025-05-15,1144.56
user_003,2025-05-16,1151.83
user_003,2025-05-17,1164.98
user_003,2025-05-18,1151.2
user_003,2025-05-19,1149.86
user_003,2025-05-20,1155.44
user_003,2025-05-21,1162.43
user_003,2025-05-22,1163.62
user_003,2025-05-23,1170.16
user_003,2025-05-24,1163.18
user_003,2025-05-25,1179.88
user_003,2025-05-26,1190.92
user_003,2025-05-27,1178.59
user_003,2025-05-28,1168.96
user_003,2025-05-29,1159.61
user_003,2025-05-30,1167.5
user_003,2025-05-31,1155.77
user_003,2025-06-01,1153.58
user_003,2025-06-02,1159.25
user_003,2025-06-03,1159.7
user_003,2025-06-04,1163.41
user_003,2025-06-05,1153.87
user_003,2025-06-06,1160.93
user_003,2025-06-07,1155.92
user_003,2025-06-08,1153.79
user_003,2025-06-09,1157.28
user_003,2025-06-10,1159.43
user_003,2025-06-11,1160.79
user_003,2025-06-12,1154.4
user_003,2025-06-13,1152.52
user_003,2025-06-14,1153.66
user_003,2025-06-15,1141.03
user_003,2025-06-16,1137.52
user_003,2025-06-17,1142.51
user_003,2025-06-18,1130.86
user_003,2025-06-19,1143.54
user_003,2025-06-20,1157.35
user_003,2025-06-21,1146.02
user_003,2025-06-22,1160.71
user_003,2025-06-23,1160.39
user_003,2025-06-24,1165.7
user_003,2025-06-25,1161.85
user_003,2025-06-26,1172.19
user_003,2025-06-27,1177.37
user_003,2025-06-28,1170.35
user_003,2025-06-29,1159.81
user_003,2025-06-30,1146.33
user_003,2025-07-01,1149.33
user_003,2025-07-02,1156.17
user_003,2025-07-03,1163.79
user_003,2025-07-04,1163.73
user_003,2025-07-05,1153.28
user_003,2025-07-06,1147.58
user_003,2025-07-07,1160.22
user_003,2025-07-08,1156.49
user_003,2025-07-09,1159.04
user_003,2025-07-10,1149.4
user_003,2025-07-11,1153.88
user_003,2025-07-12,1150.42
user_003,2025-07-13,1162.01
user_003,2025-07-14,1170.86
user_003,2025-07-15,1167.02
user_003,2025-07-16,1166.87
user_003,2025-07-17,1162.48
user_003,2025-07-18,1149.4
user_003,2025-07-19,1141.94
user_003,2025-07-20,1145.04
user_003,2025-07-21,1149.41
user_003,2025-07-22,1152.02
user_003,2025-07-23,1150.12
user_003,2025-07-24,1160.56
user_003,2025-07-25,1162.32
user_003,2025-07-26,1170.47
user_003,2025-07-27,1153.85
user_003,2025-07-28,1115.74
user_003,2025-07-29,1119.69
user_003,2025-07-30,1106.56
user_003,2025-07-31,1105.56
user_003,2025-08-01,1103.65
user_003,2025-08-02,1120.64
user_003,2025-08-03,1125.76
user_003,2025-08-04,1128.54
user_003,2025-08-05,1138.03
user_003,2025-08-06,1142.83
user_003,2025-08-07,1139.37
user_003,2025-08-08,1151.2
user_003,2025-08-09,1141.22
user_003,2025-08-10,1145.57
user_003,2025-08-11,1131.21
user_003,2025-08-12,1134.37
user_003,2025-08-13,1137.42
user_003,2025-08-14,1155.3
user_003,2025-08-15,1140.76
user_003,2025-08-16,1135.87
user_003,2025-08-17,1145.22
user_003,2025-08-18,1149.69
user_003,2025-08-19,1152.61
user_003,2025-08-20,1144.16
user_003,2025-08-21,1139.37
user_003,2025-08-22,1152.94
user_003,2025-08-23,1153.54
user_003,2025-08-24,1158.41
user_004,2025-02-26,998.85
user_004,2025-02-27,988.13
user_004,2025-02-28,998.59
user_004,2025-03-01,1004.74
user_004,2025-03-02,1028.91
user_004,2025-03-03,1019.87
user_004,2025-03-04,1029.22
user_004,2025-03-05,1017.22
user_004,2025-03-06,1019.91
user_004,2025-03-07,1030.79
user_004,2025-03-08,1011.19
user_004,2025-03-09,1010.26
user_004,2025-03-10,1005.74
user_004,2025-03-11,999.84
user_004,2025-03-12,1004.81
user_004,2025-03-13,1017.13
user_004,2025-03-14,1016.92
user_004,2025-03-15,1020.09
user_004,2025-03-16,1022.35
user_004,2025-03-17,1023.49
user_004,2025-03-18,1013.71
user_004,2025-03-19,1025.91
user_004,2025-03-20,1029.98
user_004,2025-03-21,1035.05
user_004,2025-03-22,1028.1
user_004,2025-03-23,1024.62
user_004,2025-03-24,1023.98
user_004,2025-03-25,1009.76
user_004,2025-03-26,993.99
user_004,2025-03-27,989.1
user_004,2025-03-28,995.45
user_004,2025-03-29,990.03
user_004,2025-03-30,980.96
user_004,2025-03-31,973.93
user_004,2025-04-01,970.5
user_004,2025-04-02,968.07
user_004,2025-04-03,990.85
user_004,2025-04-04,1002.51
user_004,2025-04-05,1013.88
user_004,2025-04-06,1026.68
user_004,2025-04-07,1017.81
user_004,2025-04-08,1006.7
user_004,2025-04-09,996.75
user_004,2025-04-10,1011.21
user_004,2025-04-11,1006.86
user_004,2025-04-12,995.46
user_004,2025-04-13,992.27
user_004,2025-04-14,991.0
user_004,2025-04-15,994.8
user_004,2025-04-16,998.43
user_004,2025-04-17,991.26
user_004,2025-04-18,999.24
user_004,2025-04-19,993.96
user_004,2025-04-20,993.52
user_004,2025-04-21,1001.5
user_004,2025-04-22,996.2
user_004,2025-04-23,991.63
user_004,2025-04-24,998.66
user_004,2025-04-25,991.2
user_004,2025-04-26,988.47
user_004,2025-04-27,995.14
user_004,2025-04-28,1016.8
user_004,2025-04-29,1023.97
user_004,2025-04-30,1029.82
user_004,2025-05-01,1036.24
user_004,2025-05-02,1026.63
user_004,2025-05-03,1028.9
user_004,2025-05-04,1029.72
user_004,2025-05-05,1034.05
user_004,2025-05-06,1036.34
user_004,2025-05-07,1041.25
user_004,2025-05-08,1039.25
user_004,2025-05-09,1040.96
user_004,2025-05-10,1029.8
user_004,2025-05-11,1027.71
user_004,2025-05-12,1042.74
user_004,2025-05-13,1047.04
user_004,2025-05-14,1047.95
user_004,2025-05-15,1068.03
user_004,2025-05-16,1055.54
user_004,2025-05-17,1045.56
user_004,2025-05-18,1063.81
user_004,2025-05-19,1065.38
user_004,2025-05-20,1064.08
user_004,2025-05-21,1053.2
user_004,2025-05-22,1058.8
user_004,2025-05-23,1065.36
user_004,2025-05-24,1055.53
user_004,2025-05-25,1055.24
user_004,2025-05-26,1053.01
user_004,2025-05-27,1056.68
user_004,2025-05-28,1046.61
user_004,2025-05-29,1060.25
user_004,2025-05-30,1070.52
user_004,2025-05-31,1068.01
user_004,2025-06-01,1066.96
user_004,2025-06-02,1066.71
user_004,2025-06-03,1060.05
user_004,2025-06-04,1056.73
user_004,2025-06-05,1055.14
user_004,2025-06-06,1072.39
user_004,2025-06-07,1082.97
user_004,2025-06-08,1093.44
user_004,2025-06-09,1098.25
user_004,2025-06-10,1088.2
user_004,2025-06-11,1088.9
user_004,2025-06-12,1099.72
user_004,2025-06-13,1088.26
user_004,2025-06-14,1095.74
user_004,2025-06-15,1120.08
user_004,2025-06-16,1131.82
user_004,2025-06-17,1147.08
user_004,2025-06-18,1150.38
user_004,2025-06-19,1161.17
user_004,2025-06-20,1155.11
user_004,2025-06-21,1164.19
user_004,2025-06-22,1171.85
user_004,2025-06-23,1175.87
user_004,2025-06-24,1190.14
user_004,2025-06-25,1185.87
user_004,2025-06-26,1185.12
user_004,2025-06-27,1187.19
user_004,2025-06-28,1178.01
user_004,2025-06-29,1181.4
user_004,2025-06-30,1165.33
user_004,2025-07-01,1176.92
user_004,2025-07-02,1178.5
user_004,2025-07-03,1174.41
user_004,2025-07-04,1167.18
user_004,2025-07-05,1165.95
user_004,2025-07-06,1173.95
user_004,2025-07-07,1180.55
user_004,2025-07-08,1174.61
user_004,2025-07-09,1167.27
user_004,2025-07-10,1174.95
user_004,2025-07-11,1168.85
user_004,2025-07-12,1170.56
user_004,2025-07-13,1172.92
user_004,2025-07-14,1177.16
user_004,2025-07-15,1186.86
user_004,2025-07-16,1175.34
user_004,2025-07-17,1157.35
user_004,2025-07-18,1152.79
user_004,2025-07-19,1171.92
user_004,2025-07-20,1193.26
user_004,2025-07-21,1212.69
user_004,2025-07-22,1211.88
user_004,2025-07-23,1195.18
user_004,2025-07-24,1172.86
user_004,2025-07-25,1167.84
user_004,2025-07-26,1166.98
user_004,2025-07-27,1181.1
user_004,2025-07-28,1190.9
user_004,2025-07-29,1194.29
user_004,2025-07-30,1186.51
user_004,2025-07-31,1178.02
user_004,2025-08-01,1181.67
user_004,2025-08-02,1189.76
user_004,2025-08-03,1194.8
user_004,2025-08-04,1185.57
user_004,2025-08-05,1193.19
user_004,2025-08-06,1198.57
user_004,2025-08-07,1188.98
user_004,2025-08-08,1182.25
user_004,2025-08-09,1190.26
user_004,2025-08-10,1189.03
user_004,2025-08-11,1206.04
user_004,2025-08-12,1212.17
user_004,2025-08-13,1208.42
user_004,2025-08-14,1209.43
user_004,2025-08-15,1211.18
user_004,2025-08-16,1205.02
user_004,2025-08-17,1197.01
user_004,2025-08-18,1205.14
user_004,2025-08-19,1214.71
user_004,2025-08-20,1221.86
user_004,2025-08-21,1238.14
user_004,2025-08-22,1233.83
user_004,2025-08-23,1251.69
user_004,2025-08-24,1243.8
user_005,2025-02-26,989.87
user_005,2025-02-27,973.39
user_005,2025-02-28,970.05
user_005,2025-03-01,966.13
user_005,2025-03-02,972.51
user_005,2025-03-03,976.06
user_005,2025-03-04,965.25
user_005,2025-03-05,962.44
user_005,2025-03-06,959.84
user_005,2025-03-07,943.2
user_005,2025-03-08,934.51
user_005,2025-03-09,927.92
user_005,2025-03-10,943.37
user_005,2025-03-11,946.4
user_005,2025-03-12,954.14
user_005,2025-03-13,940.27
user_005,2025-03-14,953.33
user_005,2025-03-15,967.46
user_005,2025-03-16,948.6
user_005,2025-03-17,942.66
user_005,2025-03-18,948.73
user_005,2025-03-19,956.3
user_005,2025-03-20,950.63
user_005,2025-03-21,948.69
user_005,2025-03-22,943.83
user_005,2025-03-23,946.06
user_005,2025-03-24,959.14
user_005,2025-03-25,952.55
user_005,2025-03-26,963.68
user_005,2025-03-27,956.98
user_005,2025-03-28,949.62
user_005,2025-03-29,958.92
user_005,2025-03-30,969.26
user_005,2025-03-31,978.89
user_005,2025-04-01,966.85
user_005,2025-04-02,963.31
user_005,2025-04-03,972.65
user_005,2025-04-04,974.19
user_005,2025-04-05,964.57
user_005,2025-04-06,970.27
user_005,2025-04-07,964.24
user_005,2025-04-08,983.3
user_005,2025-04-09,999.87
user_005,2025-04-10,1007.02
user_005,2025-04-11,1021.75
user_005,2025-04-12,1023.52
user_005,2025-04-13,1032.29
user_005,2025-04-14,1048.18
user_005,2025-04-15,1051.75
user_005,2025-04-16,1050.32
user_005,2025-04-17,1034.39
user_005,2025-04-18,1034.68
user_005,2025-04-19,1044.03
user_005,2025-04-20,1054.6
user_005,2025-04-21,1060.76
user_005,2025-04-22,1056.47
user_005,2025-04-23,1037.82
user_005,2025-04-24,1033.98
user_005,2025-04-25,1032.06
user_005,2025-04-26,1030.04
user_005,2025-04-27,1037.35
user_005,2025-04-28,1058.32
user_005,2025-04-29,1060.67
user_005,2025-04-30,1059.62
user_005,2025-05-01,1058.15
user_005,2025-05-02,1060.51
user_005,2025-05-03,1053.34
user_005,2025-05-04,1055.66
user_005,2025-05-05,1061.29
user_005,2025-05-06,1064.5
user_005,2025-05-07,1070.2
user_005,2025-05-08,1075.65
user_005,2025-05-09,1059.05
user_005,2025-05-10,1066.53
user_005,2025-05-11,1060.94
user_005,2025-05-12,1051.1
user_005,2025-05-13,1041.17
user_005,2025-05-14,1046.63
user_005,2025-05-15,1045.52
user_005,2025-05-16,1029.82
user_005,2025-05-17,1035.71
user_005,2025-05-18,1022.43
user_005,2025-05-19,1024.95
user_005,2025-05-20,1028.45
user_005,2025-05-21,1038.43
user_005,2025-05-22,1057.36
user_005,2025-05-23,1044.83
user_005,2025-05-24,1045.42
user_005,2025-05-25,1043.78
user_005,2025-05-26,1049.23
user_005,2025-05-27,1052.51
user_005,2025-05-28,1050.1
user_005,2025-05-29,1046.81
user_005,2025-05-30,1036.76
user_005,2025-05-31,1047.75
user_005,2025-06-01,1053.46
user_005,2025-06-02,1063.76
user_005,2025-06-03,1061.77
user_005,2025-06-04,1056.32
user_005,2025-06-05,1046.66
user_005,2025-06-06,1051.36
user_005,2025-06-07,1042.08
user_005,2025-06-08,1061.69
user_005,2025-06-09,1049.73
user_005,2025-06-10,1053.58
user_005,2025-06-11,1070.37
user_005,2025-06-12,1077.47
user_005,2025-06-13,1080.35
user_005,2025-06-14,1071.78
user_005,2025-06-15,1059.08
user_005,2025-06-16,1067.9
user_005,2025-06-17,1084.08
user_005,2025-06-18,1080.81
user_005,2025-06-19,1070.53
user_005,2025-06-20,1047.07
user_005,2025-06-21,1038.38
user_005,2025-06-22,1038.36
user_005,2025-06-23,1055.47
user_005,2025-06-24,1063.32
user_005,2025-06-25,1067.48
user_005,2025-06-26,1064.6
user_005,2025-06-27,1059.89
user_005,2025-06-28,1075.06
user_005,2025-06-29,1078.18
user_005,2025-06-30,1058.28
user_005,2025-07-01,1052.66
user_005,2025-07-02,1045.19
user_005,2025-07-03,1040.85
user_005,2025-07-04,1047.59
user_005,2025-07-05,1047.64
user_005,2025-07-06,1047.99
user_005,2025-07-07,1062.24
user_005,2025-07-08,1056.39
user_005,2025-07-09,1076.15
user_005,2025-07-10,1070.55
user_005,2025-07-11,1072.56
user_005,2025-07-12,1070.87
user_005,2025-07-13,1073.22
user_005,2025-07-14,1078.78
user_005,2025-07-15,1084.24
user_005,2025-07-16,1077.82
user_005,2025-07-17,1067.71
user_005,2025-07-18,1093.86
user_005,2025-07-19,1090.14
user_005,2025-07-20,1098.25
user_005,2025-07-21,1083.29
user_005,2025-07-22,1081.61
user_005,2025-07-23,1081.46
user_005,2025-07-24,1087.3
user_005,2025-07-25,1061.19
user_005,2025-07-26,1063.97
user_005,2025-07-27,1053.59
user_005,2025-07-28,1057.95
user_005,2025-07-29,1048.71
user_005,2025-07-30,1041.27
user_005,2025-07-31,1039.65
user_005,2025-08-01,1030.25
user_005,2025-08-02,1026.61
user_005,2025-08-03,1015.79
user_005,2025-08-04,998.58
user_005,2025-08-05,1009.87
user_005,2025-08-06,998.03
user_005,2025-08-07,997.36
user_005,2025-08-08,1006.01
user_005,2025-08-09,1000.97
user_005,2025-08-10,993.84
user_005,2025-08-11,997.22
user_005,2025-08-12,1009.52
user_005,2025-08-13,998.94
user_005,2025-08-14,998.56
user_005,2025-08-15,982.35
user_005,2025-08-16,979.53
user_005,2025-08-17,980.99
user_005,2025-08-18,973.57
user_005,2025-08-19,970.11
user_005,2025-08-20,957.15
user_005,2025-08-21,959.04
user_005,2025-08-22,970.71
user_005,2025-08-23,960.86
user_005,2025-08-24,955.75
user_006,2025-02-26,1005.03
user_006,2025-02-27,1018.26
user_006,2025-02-28,1004.45
user_006,2025-03-01,1003.88
user_006,2025-03-02,1007.83
user_006,2025-03-03,1007.92
user_006,2025-03-04,984.27
user_006,2025-03-05,990.4
user_006,2025-03-06,1006.71
user_006,2025-03-07,1009.0
user_006,2025-03-08,999.8
user_006,2025-03-09,995.79
user_006,2025-03-10,1014.6
user_006,2025-03-11,1024.82
user_006,2025-03-12,1032.34
user_006,2025-03-13,1037.02
user_006,2025-03-14,1031.53
user_006,2025-03-15,1030.64
user_006,2025-03-16,1030.98
user_006,2025-03-17,1037.59
user_006,2025-03-18,1053.8
user_006,2025-03-19,1066.1
user_006,2025-03-20,1053.02
user_006,2025-03-21,1056.38
user_006,2025-03-22,1064.86
user_006,2025-03-23,1072.17
user_006,2025-03-24,1066.99
user_006,2025-03-25,1097.25
user_006,2025-03-26,1085.6
user_006,2025-03-27,1075.88
user_006,2025-03-28,1079.34
user_006,2025-03-29,1101.62
user_006,2025-03-30,1094.38
user_006,2025-03-31,1092.84
user_006,2025-04-01,1104.73
user_006,2025-04-02,1105.67
user_006,2025-04-03,1103.44
user_006,2025-04-04,1110.21
user_006,2025-04-05,1114.05
user_006,2025-04-06,1125.47
user_006,2025-04-07,1139.51
user_006,2025-04-08,1143.69
user_006,2025-04-09,1147.73
user_006,2025-04-10,1150.99
user_006,2025-04-11,1157.0
user_006,2025-04-12,1158.66
user_006,2025-04-13,1159.78
user_006,2025-04-14,1172.86
user_006,2025-04-15,1189.14
user_006,2025-04-16,1175.18
user_006,2025-04-17,1176.4
user_006,2025-04-18,1170.63
user_006,2025-04-19,1168.64
user_006,2025-04-20,1173.78
user_006,2025-04-21,1181.59
user_006,2025-04-22,1181.59
user_006,2025-04-23,1163.57
user_006,2025-04-24,1155.04
user_006,2025-04-25,1165.12
user_006,2025-04-26,1138.83
user_006,2025-04-27,1151.82
user_006,2025-04-28,1158.15
user_006,2025-04-29,1172.43
user_006,2025-04-30,1171.56
user_006,2025-05-01,1152.07
user_006,2025-05-02,1157.49
user_006,2025-05-03,1171.35
user_006,2025-05-04,1181.72
user_006,2025-05-05,1176.21
user_006,2025-05-06,1178.19
user_006,2025-05-07,1173.98
user_006,2025-05-08,1166.91
user_006,2025-05-09,1177.58
user_006,2025-05-10,1166.72
user_006,2025-05-11,1158.9
user_006,2025-05-12,1148.97
user_006,2025-05-13,1135.19
user_006,2025-05-14,1137.77
user_006,2025-05-15,1150.5
user_006,2025-05-16,1149.77
user_006,2025-05-17,1135.83
user_006,2025-05-18,1145.35
user_006,2025-05-19,1163.32
user_006,2025-05-20,1157.98
user_006,2025-05-21,1154.31
user_006,2025-05-22,1160.58
user_006,2025-05-23,1177.92
user_006,2025-05-24,1173.84
user_006,2025-05-25,1161.63
user_006,2025-05-26,1169.06
user_006,2025-05-27,1178.17
user_006,2025-05-28,1179.35
user_006,2025-05-29,1174.89
user_006,2025-05-30,1185.95
user_006,2025-05-31,1192.34
user_006,2025-06-01,1185.78
user_006,2025-06-02,1187.39
user_006,2025-06-03,1174.99
user_006,2025-06-04,1182.96
user_006,2025-06-05,1181.46
user_006,2025-06-06,1178.22
user_006,2025-06-07,1179.01
user_006,2025-06-08,1180.53
user_006,2025-06-09,1190.59
user_006,2025-06-10,1197.62
user_006,2025-06-11,1197.17
user_006,2025-06-12,1205.93
user_006,2025-06-13,1211.05
user_006,2025-06-14,1207.9
user_006,2025-06-15,1207.77
user_006,2025-06-16,1207.41
user_006,2025-06-17,1213.58
user_006,2025-06-18,1211.03
user_006,2025-06-19,1208.24
user_006,2025-06-20,1229.04
user_006,2025-06-21,1239.56
user_006,2025-06-22,1233.07
user_006,2025-06-23,1239.9
user_006,2025-06-24,1242.2
user_006,2025-06-25,1247.23
user_006,2025-06-26,1249.72
user_006,2025-06-27,1262.74
user_006,2025-06-28,1267.31
user_006,2025-06-29,1267.81
user_006,2025-06-30,1279.34
user_006,2025-07-01,1282.79
user_006,2025-07-02,1285.13
user_006,2025-07-03,1289.38
user_006,2025-07-04,1289.57
user_006,2025-07-05,1290.78
user_006,2025-07-06,1286.03
user_006,2025-07-07,1279.63
user_006,2025-07-08,1270.76
user_006,2025-07-09,1257.96
user_006,2025-07-10,1250.28
user_006,2025-07-11,1249.66
user_006,2025-07-12,1251.8
user_006,2025-07-13,1250.21
user_006,2025-07-14,1227.77
user_006,2025-07-15,1244.63
user_006,2025-07-16,1256.61
user_006,2025-07-17,1262.19
user_006,2025-07-18,1282.38
user_006,2025-07-19,1273.72
user_006,2025-07-20,1293.72
user_006,2025-07-21,1285.18
user_006,2025-07-22,1288.69
user_006,2025-07-23,1277.07
user_006,2025-07-24,1278.33
user_006,2025-07-25,1283.31
user_006,2025-07-26,1282.88
user_006,2025-07-27,1291.14
user_006,2025-07-28,1293.24
user_006,2025-07-29,1289.14
user_006,2025-07-30,1284.59
user_006,2025-07-31,1293.81
user_006,2025-08-01,1288.39
user_006,2025-08-02,1298.66
user_006,2025-08-03,1312.01
user_006,2025-08-04,1296.44
user_006,2025-08-05,1308.89
user_006,2025-08-06,1330.61
user_006,2025-08-07,1334.24
user_006,2025-08-08,1341.35
user_006,2025-08-09,1352.84
user_006,2025-08-10,1351.2
user_006,2025-08-11,1354.14
user_006,2025-08-12,1342.12
user_006,2025-08-13,1344.62
user_006,2025-08-14,1350.72
user_006,2025-08-15,1357.0
user_006,2025-08-16,1368.77
user_006,2025-08-17,1362.14
user_006,2025-08-18,1357.93
user_006,2025-08-19,1378.0
user_006,2025-08-20,1377.62
user_006,2025-08-21,1380.73
user_006,2025-08-22,1381.18
user_006,2025-08-23,1374.08
user_006,2025-08-24,1391.44
user_007,2025-02-26,994.72
user_007,2025-02-27,984.57
user_007,2025-02-28,981.18
user_007,2025-03-01,962.28
user_007,2025-03-02,956.88
user_007,2025-03-03,948.32
user_007,2025-03-04,955.61
user_007,2025-03-05,949.99
user_007,2025-03-06,959.99
user_007,2025-03-07,975.09
user_007,2025-03-08,984.02
user_007,2025-03-09,982.98
user_007,2025-03-10,985.51
user_007,2025-03-11,971.38
user_007,2025-03-12,971.16
user_007,2025-03-13,963.67
user_007,2025-03-14,971.73
user_007,2025-03-15,998.58
user_007,2025-03-16,1004.69
user_007,2025-03-17,985.9
user_007,2025-03-18,983.4
user_007,2025-03-19,985.75
user_007,2025-03-20,987.74
user_007,2025-03-21,981.55
user_007,2025-03-22,985.12
user_007,2025-03-23,973.81
user_007,2025-03-24,965.48
user_007,2025-03-25,973.05
user_007,2025-03-26,964.01
user_007,2025-03-27,970.51
user_007,2025-03-28,957.93
user_007,2025-03-29,976.7
user_007,2025-03-30,970.07
user_007,2025-03-31,968.96
user_007,2025-04-01,973.38
user_007,2025-04-02,968.84
user_007,2025-04-03,971.39
user_007,2025-04-04,978.26
user_007,2025-04-05,988.99
user_007,2025-04-06,998.02
user_007,2025-04-07,997.42
user_007,2025-04-08,997.07
user_007,2025-04-09,1021.68
user_007,2025-04-10,1032.3
user_007,2025-04-11,1024.19
user_007,2025-04-12,1026.31
user_007,2025-04-13,1024.08
user_007,2025-04-14,1023.84
user_007,2025-04-15,1012.66
user_007,2025-04-16,1009.66
user_007,2025-04-17,1028.89
user_007,2025-04-18,1035.8
user_007,2025-04-19,1012.01
user_007,2025-04-20,1025.29
user_007,2025-04-21,1037.31
user_007,2025-04-22,1034.83
user_007,2025-04-23,1043.12
user_007,2025-04-24,1035.64
user_007,2025-04-25,1032.06
user_007,2025-04-26,1048.16
user_007,2025-04-27,1046.56
user_007,2025-04-28,1028.98
user_007,2025-04-29,1029.47
user_007,2025-04-30,1029.8
user_007,2025-05-01,1042.9
user_007,2025-05-02,1044.16
user_007,2025-05-03,1041.06
user_007,2025-05-04,1052.63
user_007,2025-05-05,1054.95
user_007,2025-05-06,1048.57
user_007,2025-05-07,1061.24
user_007,2025-05-08,1064.29
user_007,2025-05-09,1065.44
user_007,2025-05-10,1068.34
user_007,2025-05-11,1058.75
user_007,2025-05-12,1054.59
user_007,2025-05-13,1055.74
user_007,2025-05-14,1054.91
user_007,2025-05-15,1068.75
user_007,2025-05-16,1072.04
user_007,2025-05-17,1081.71
user_007,2025-05-18,1082.92
user_007,2025-05-19,1094.6
user_007,2025-05-20,1099.69
user_007,2025-05-21,1100.95
user_007,2025-05-22,1101.93
user_007,2025-05-23,1093.5
user_007,2025-05-24,1099.69
user_007,2025-05-25,1100.4
user_007,2025-05-26,1096.5
user_007,2025-05-27,1108.68
user_007,2025-05-28,1097.3
user_007,2025-05-29,1094.19
user_007,2025-05-30,1105.59
user_007,2025-05-31,1109.86
user_007,2025-06-01,1110.5
user_007,2025-06-02,1114.12
user_007,2025-06-03,1117.04
user_007,2025-06-04,1102.99
user_007,2025-06-05,1100.61
user_007,2025-06-06,1117.89
user_007,2025-06-07,1112.42
user_007,2025-06-08,1110.35
user_007,2025-06-09,1106.05
user_007,2025-06-10,1106.3
user_007,2025-06-11,1101.59
user_007,2025-06-12,1107.57
user_007,2025-06-13,1110.66
user_007,2025-06-14,1119.51
user_007,2025-06-15,1110.12
user_007,2025-06-16,1107.84
user_007,2025-06-17,1106.7
user_007,2025-06-18,1112.37
user_007,2025-06-19,1105.56
user_007,2025-06-20,1115.83
user_007,2025-06-21,1128.81
user_007,2025-06-22,1120.04
user_007,2025-06-23,1116.25
user_007,2025-06-24,1112.05
user_007,2025-06-25,1139.49
user_007,2025-06-26,1136.31
user_007,2025-06-27,1154.2
user_007,2025-06-28,1142.65
user_007,2025-06-29,1133.87
user_007,2025-06-30,1128.12
user_007,2025-07-01,1120.78
user_007,2025-07-02,1119.22
user_007,2025-07-03,1113.25
user_007,2025-07-04,1106.17
user_007,2025-07-05,1118.88
user_007,2025-07-06,1132.23
user_007,2025-07-07,1142.84
user_007,2025-07-08,1149.2
user_007,2025-07-09,1151.24
user_007,2025-07-10,1147.39
user_007,2025-07-11,1138.98
user_007,2025-07-12,1143.72
user_007,2025-07-13,1133.11
user_007,2025-07-14,1124.28
user_007,2025-07-15,1136.93
user_007,2025-07-16,1157.05
user_007,2025-07-17,1162.1
user_007,2025-07-18,1174.29
user_007,2025-07-19,1172.94
user_007,2025-07-20,1160.69
user_007,2025-07-21,1167.92
user_007,2025-07-22,1174.73
user_007,2025-07-23,1176.57
user_007,2025-07-24,1175.26
user_007,2025-07-25,1186.0
user_007,2025-07-26,1177.26
user_007,2025-07-27,1170.64
user_007,2025-07-28,1161.68
user_007,2025-07-29,1163.64
user_007,2025-07-30,1153.88
user_007,2025-07-31,1148.16
user_007,2025-08-01,1142.22
user_007,2025-08-02,1140.73
user_007,2025-08-03,1126.97
user_007,2025-08-04,1128.96
user_007,2025-08-05,1142.55
user_007,2025-08-06,1145.02
user_007,2025-08-07,1161.55
user_007,2025-08-08,1176.01
user_007,2025-08-09,1184.91
user_007,2025-08-10,1186.77
user_007,2025-08-11,1188.11
user_007,2025-08-12,1196.87
user_007,2025-08-13,1194.07
user_007,2025-08-14,1176.36
user_007,2025-08-15,1182.4
user_007,2025-08-16,1172.2
user_007,2025-08-17,1163.7
user_007,2025-08-18,1164.82
user_007,2025-08-19,1164.99
user_007,2025-08-20,1151.98
user_007,2025-08-21,1154.76
user_007,2025-08-22,1165.53
user_007,2025-08-23,1155.37
user_007,2025-08-24,1169.21
user_008,2025-02-26,984.4
user_008,2025-02-27,1006.69
user_008,2025-02-28,1003.69
user_008,2025-03-01,1006.27
user_008,2025-03-02,988.46
user_008,2025-03-03,988.96
user_008,2025-03-04,992.36
user_008,2025-03-05,992.62
user_008,2025-03-06,988.1
user_008,2025-03-07,979.76
user_008,2025-03-08,992.18
user_008,2025-03-09,993.6
user_008,2025-03-10,1010.13
user_008,2025-03-11,1005.98
user_008,2025-03-12,1002.75
user_008,2025-03-13,1012.02
user_008,2025-03-14,996.91
user_008,2025-03-15,985.89
user_008,2025-03-16,997.99
user_008,2025-03-17,987.38
user_008,2025-03-18,970.31
user_008,2025-03-19,990.11
user_008,2025-03-20,977.29
user_008,2025-03-21,980.25
user_008,2025-03-22,982.06
user_008,2025-03-23,955.07
user_008,2025-03-24,953.51
user_008,2025-03-25,959.12
user_008,2025-03-26,963.78
user_008,2025-03-27,973.93
user_008,2025-03-28,971.17
user_008,2025-03-29,979.41
user_008,2025-03-30,973.64
user_008,2025-03-31,960.65
user_008,2025-04-01,948.79
user_008,2025-04-02,935.29
user_008,2025-04-03,946.5
user_008,2025-04-04,932.47
user_008,2025-04-05,936.33
user_008,2025-04-06,934.79
user_008,2025-04-07,934.88
user_008,2025-04-08,949.63
user_008,2025-04-09,946.36
user_008,2025-04-10,953.6
user_008,2025-04-11,955.09
user_008,2025-04-12,954.69
user_008,2025-04-13,978.81
user_008,2025-04-14,965.51
user_008,2025-04-15,979.52
user_008,2025-04-16,987.2
user_008,2025-04-17,983.52
user_008,2025-04-18,1000.93
user_008,2025-04-19,983.57
user_008,2025-04-20,979.47
user_008,2025-04-21,968.5
user_008,2025-04-22,973.74
user_008,2025-04-23,963.72
user_008,2025-04-24,969.17
user_008,2025-04-25,968.43
user_008,2025-04-26,964.75
user_008,2025-04-27,969.75
user_008,2025-04-28,968.18
user_008,2025-04-29,958.42
user_008,2025-04-30,987.55
user_008,2025-05-01,983.79
user_008,2025-05-02,962.73
user_008,2025-05-03,955.43
user_008,2025-05-04,943.87
user_008,2025-05-05,953.25
user_008,2025-05-06,957.59
user_008,2025-05-07,962.69
user_008,2025-05-08,960.11
user_008,2025-05-09,958.43
user_008,2025-05-10,955.84
user_008,2025-05-11,956.15
user_008,2025-05-12,965.62
user_008,2025-05-13,970.09
user_008,2025-05-14,976.21
user_008,2025-05-15,982.33
user_008,2025-05-16,992.29
user_008,2025-05-17,996.29
user_008,2025-05-18,1000.99
user_008,2025-05-19,1014.0
user_008,2025-05-20,1008.46
user_008,2025-05-21,1001.02
user_008,2025-05-22,990.28
user_008,2025-05-23,993.23
user_008,2025-05-24,975.81
user_008,2025-05-25,981.55
user_008,2025-05-26,981.57
user_008,2025-05-27,994.04
user_008,2025-05-28,988.43
user_008,2025-05-29,987.52
user_008,2025-05-30,999.86
user_008,2025-05-31,1014.81
user_008,2025-06-01,1009.12
user_008,2025-06-02,1012.06
user_008,2025-06-03,1016.12
user_008,2025-06-04,1020.97
user_008,2025-06-05,1019.46
user_008,2025-06-06,1033.4
user_008,2025-06-07,1015.62
user_008,2025-06-08,1012.52
user_008,2025-06-09,1018.12
user_008,2025-06-10,1023.81
user_008,2025-06-11,1038.45
user_008,2025-06-12,1051.55
user_008,2025-06-13,1049.81
user_008,2025-06-14,1063.93
user_008,2025-06-15,1057.91
user_008,2025-06-16,1068.33
user_008,2025-06-17,1087.56
user_008,2025-06-18,1100.82
user_008,2025-06-19,1103.0
user_008,2025-06-20,1100.8
user_008,2025-06-21,1086.63
user_008,2025-06-22,1090.85
user_008,2025-06-23,1080.82
user_008,2025-06-24,1074.0
user_008,2025-06-25,1063.21
user_008,2025-06-26,1059.73
user_008,2025-06-27,1060.56
user_008,2025-06-28,1064.42
user_008,2025-06-29,1059.53
user_008,2025-06-30,1071.34
user_008,2025-07-01,1070.38
user_008,2025-07-02,1063.62
user_008,2025-07-03,1067.0
user_008,2025-07-04,1087.75
user_008,2025-07-05,1092.22
user_008,2025-07-06,1089.71
user_008,2025-07-07,1075.55
user_008,2025-07-08,1074.47
user_008,2025-07-09,1077.94
user_008,2025-07-10,1075.18
user_008,2025-07-11,1059.64
user_008,2025-07-12,1052.26
user_008,2025-07-13,1067.92
user_008,2025-07-14,1083.38
user_008,2025-07-15,1075.63
user_008,2025-07-16,1083.47
user_008,2025-07-17,1072.8
user_008,2025-07-18,1087.96
user_008,2025-07-19,1091.53
user_008,2025-07-20,1102.15
user_008,2025-07-21,1086.11
user_008,2025-07-22,1094.01
user_008,2025-07-23,1095.05
user_008,2025-07-24,1104.68
user_008,2025-07-25,1114.95
user_008,2025-07-26,1116.72
user_008,2025-07-27,1111.83
user_008,2025-07-28,1120.75
user_008,2025-07-29,1121.26
user_008,2025-07-30,1113.65
user_008,2025-07-31,1105.57
user_008,2025-08-01,1091.91
user_008,2025-08-02,1087.93
user_008,2025-08-03,1100.07
user_008,2025-08-04,1102.97
user_008,2025-08-05,1098.79
user_008,2025-08-06,1107.95
user_008,2025-08-07,1100.75
user_008,2025-08-08,1102.82
user_008,2025-08-09,1102.14
user_008,2025-08-10,1111.05
user_008,2025-08-11,1096.39
user_008,2025-08-12,1089.01
user_008,2025-08-13,1073.74
user_008,2025-08-14,1072.26
user_008,2025-08-15,1085.5
user_008,2025-08-16,1081.56
user_008,2025-08-17,1077.57
user_008,2025-08-18,1087.4
user_008,2025-08-19,1099.21
user_008,2025-08-20,1099.44
user_008,2025-08-21,1107.4
user_008,2025-08-22,1097.75
user_008,2025-08-23,1112.65
user_008,2025-08-24,1135.25
user_009,2025-02-26,1005.21
user_009,2025-02-27,985.49
user_009,2025-02-28,981.02
user_009,2025-03-01,988.27
user_009,2025-03-02,985.17
user_009,2025-03-03,999.01
user_009,2025-03-04,1006.01
user_009,2025-03-05,1000.06
user_009,2025-03-06,1001.5
user_009,2025-03-07,993.68
user_009,2025-03-08,992.97
user_009,2025-03-09,988.54
user_009,2025-03-10,1001.41
user_009,2025-03-11,1023.68
user_009,2025-03-12,1010.49
user_009,2025-03-13,992.37
user_009,2025-03-14,991.04
user_009,2025-03-15,976.97
user_009,2025-03-16,978.55
user_009,2025-03-17,987.16
user_009,2025-03-18,1003.22
user_009,2025-03-19,1006.35
user_009,2025-03-20,1005.54
user_009,2025-03-21,986.87
user_009,2025-03-22,988.25
user_009,2025-03-23,990.08
user_009,2025-03-24,997.59
user_009,2025-03-25,991.62
user_009,2025-03-26,988.38
user_009,2025-03-27,974.72
user_009,2025-03-28,952.93
user_009,2025-03-29,942.96
user_009,2025-03-30,928.37
user_009,2025-03-31,932.86
user_009,2025-04-01,928.79
user_009,2025-04-02,924.53
user_009,2025-04-03,915.8
user_009,2025-04-04,884.59
user_009,2025-04-05,900.79
user_009,2025-04-06,891.91
user_009,2025-04-07,888.9
user_009,2025-04-08,875.47
user_009,2025-04-09,886.31
user_009,2025-04-10,888.86
user_009,2025-04-11,881.71
user_009,2025-04-12,878.91
user_009,2025-04-13,896.81
user_009,2025-04-14,897.19
user_009,2025-04-15,896.49
user_009,2025-04-16,888.2
user_009,2025-04-17,870.37
user_009,2025-04-18,869.88
user_009,2025-04-19,874.26
user_009,2025-04-20,886.37
user_009,2025-04-21,865.0
user_009,2025-04-22,854.87
user_009,2025-04-23,850.18
user_009,2025-04-24,851.26
user_009,2025-04-25,850.93
user_009,2025-04-26,850.83
user_009,2025-04-27,856.03
user_009,2025-04-28,848.11
user_009,2025-04-29,858.57
user_009,2025-04-30,864.02
user_009,2025-05-01,861.94
user_009,2025-05-02,879.07
user_009,2025-05-03,895.75
user_009,2025-05-04,906.2
user_009,2025-05-05,877.13
user_009,2025-05-06,894.03
user_009,2025-05-07,903.1
user_009,2025-05-08,924.28
user_009,2025-05-09,937.77
user_009,2025-05-10,954.67
user_009,2025-05-11,964.58
user_009,2025-05-12,979.18
user_009,2025-05-13,1000.24
user_009,2025-05-14,1003.52
user_009,2025-05-15,988.92
user_009,2025-05-16,986.96
user_009,2025-05-17,991.98
user_009,2025-05-18,993.84
user_009,2025-05-19,982.49
user_009,2025-05-20,967.3
user_009,2025-05-21,961.01
user_009,2025-05-22,970.2
user_009,2025-05-23,987.12
user_009,2025-05-24,997.41
user_009,2025-05-25,1009.1
user_009,2025-05-26,1009.41
user_009,2025-05-27,993.1
user_009,2025-05-28,989.67
user_009,2025-05-29,988.2
user_009,2025-05-30,984.34
user_009,2025-05-31,986.01
user_009,2025-06-01,991.54
user_009,2025-06-02,1001.19
user_009,2025-06-03,999.52
user_009,2025-06-04,981.6
user_009,2025-06-05,977.89
user_009,2025-06-06,979.45
user_009,2025-06-07,992.79
user_009,2025-06-08,988.23
user_009,2025-06-09,994.47
user_009,2025-06-10,998.49
user_009,2025-06-11,1000.05
user_009,2025-06-12,1010.47
user_009,2025-06-13,1004.98
user_009,2025-06-14,1000.35
user_009,2025-06-15,1001.34
user_009,2025-06-16,996.06
user_009,2025-06-17,1002.26
user_009,2025-06-18,996.24
user_009,2025-06-19,999.62
user_009,2025-06-20,999.74
user_009,2025-06-21,1003.0
user_009,2025-06-22,999.52
user_009,2025-06-23,997.25
user_009,2025-06-24,999.33
user_009,2025-06-25,1002.47
user_009,2025-06-26,1003.54
user_009,2025-06-27,1021.71
user_009,2025-06-28,1012.92
user_009,2025-06-29,1013.4
user_009,2025-06-30,998.78
user_009,2025-07-01,1003.62
user_009,2025-07-02,993.58
user_009,2025-07-03,991.92
user_009,2025-07-04,989.31
user_009,2025-07-05,993.24
user_009,2025-07-06,988.83
user_009,2025-07-07,983.99
user_009,2025-07-08,999.47
user_009,2025-07-09,1003.43
user_009,2025-07-10,998.94
user_009,2025-07-11,997.55
user_009,2025-07-12,1015.12
user_009,2025-07-13,1013.88
user_009,2025-07-14,1008.11
user_009,2025-07-15,1002.38
user_009,2025-07-16,998.0
user_009,2025-07-17,993.17
user_009,2025-07-18,981.5
user_009,2025-07-19,971.37
user_009,2025-07-20,964.19
user_009,2025-07-21,971.23
user_009,2025-07-22,968.53
user_009,2025-07-23,967.58
user_009,2025-07-24,981.4
user_009,2025-07-25,995.46
user_009,2025-07-26,993.76
user_009,2025-07-27,988.57
user_009,2025-07-28,981.04
user_009,2025-07-29,989.09
user_009,2025-07-30,988.16
user_009,2025-07-31,985.41
user_009,2025-08-01,978.39
user_009,2025-08-02,971.81
user_009,2025-08-03,976.13
user_009,2025-08-04,964.09
user_009,2025-08-05,975.16
user_009,2025-08-06,970.94
user_009,2025-08-07,970.56
user_009,2025-08-08,958.3
user_009,2025-08-09,959.3
user_009,2025-08-10,957.13
user_009,2025-08-11,957.75
user_009,2025-08-12,973.58
user_009,2025-08-13,976.48
user_009,2025-08-14,969.65
user_009,2025-08-15,963.65
user_009,2025-08-16,970.72
user_009,2025-08-17,984.83
user_009,2025-08-18,988.76
user_009,2025-08-19,996.77
user_009,2025-08-20,1003.98
user_009,2025-08-21,1019.29
user_009,2025-08-22,1000.91
user_009,2025-08-23,1008.7
user_009,2025-08-24,1019.65
user_010,2025-02-26,986.61
user_010,2025-02-27,978.87
user_010,2025-02-28,971.48
user_010,2025-03-01,965.31
user_010,2025-03-02,961.61
user_010,2025-03-03,965.16
user_010,2025-03-04,974.93
user_010,2025-03-05,986.86
user_010,2025-03-06,979.6
user_010,2025-03-07,972.27
user_010,2025-03-08,986.55
user_010,2025-03-09,994.13
user_010,2025-03-10,996.08
user_010,2025-03-11,1001.93
user_010,2025-03-12,1002.75
user_010,2025-03-13,1009.11
user_010,2025-03-14,1006.87
user_010,2025-03-15,1010.67
user_010,2025-03-16,996.68
user_010,2025-03-17,990.92
user_010,2025-03-18,985.27
user_010,2025-03-19,982.64
user_010,2025-03-20,974.5
user_010,2025-03-21,970.28
user_010,2025-03-22,956.25
user_010,2025-03-23,962.85
user_010,2025-03-24,963.15
user_010,2025-03-25,947.21
user_010,2025-03-26,939.98
user_010,2025-03-27,944.46
user_010,2025-03-28,940.15
user_010,2025-03-29,934.3
user_010,2025-03-30,934.67
user_010,2025-03-31,939.22
user_010,2025-04-01,925.98
user_010,2025-04-02,932.6
user_010,2025-04-03,925.71
user_010,2025-04-04,926.65
user_010,2025-04-05,927.41
user_010,2025-04-06,923.26
user_010,2025-04-07,914.14
user_010,2025-04-08,912.4
user_010,2025-04-09,929.77
user_010,2025-04-10,917.27
user_010,2025-04-11,935.31
user_010,2025-04-12,933.83
user_010,2025-04-13,935.3
user_010,2025-04-14,925.55
user_010,2025-04-15,918.96
user_010,2025-04-16,915.05
user_010,2025-04-17,905.71
user_010,2025-04-18,904.73
user_010,2025-04-19,901.78
user_010,2025-04-20,921.41
user_010,2025-04-21,910.86
user_010,2025-04-22,913.01
user_010,2025-04-23,916.6
user_010,2025-04-24,907.02
user_010,2025-04-25,915.0
user_010,2025-04-26,912.14
user_010,2025-04-27,888.33
user_010,2025-04-28,896.05
user_010,2025-04-29,886.0
user_010,2025-04-30,876.63
user_010,2025-05-01,884.63
user_010,2025-05-02,882.28
user_010,2025-05-03,892.57
user_010,2025-05-04,905.79
user_010,2025-05-05,900.46
user_010,2025-05-06,909.51
user_010,2025-05-07,903.07
user_010,2025-05-08,926.52
user_010,2025-05-09,920.71
user_010,2025-05-10,932.09
user_010,2025-05-11,941.64
user_010,2025-05-12,945.92
user_010,2025-05-13,940.33
user_010,2025-05-14,939.93
user_010,2025-05-15,919.52
user_010,2025-05-16,922.88
user_010,2025-05-17,927.49
user_010,2025-05-18,929.94
user_010,2025-05-19,901.33
user_010,2025-05-20,889.79
user_010,2025-05-21,883.42
user_010,2025-05-22,887.46
user_010,2025-05-23,891.47
user_010,2025-05-24,890.88
user_010,2025-05-25,898.35
user_010,2025-05-26,889.21
user_010,2025-05-27,896.43
user_010,2025-05-28,902.29
user_010,2025-05-29,907.19
user_010,2025-05-30,906.48
user_010,2025-05-31,925.91
user_010,2025-06-01,931.96
user_010,2025-06-02,923.39
user_010,2025-06-03,926.99
user_010,2025-06-04,935.63
user_010,2025-06-05,930.87
user_010,2025-06-06,942.88
user_010,2025-06-07,947.82
user_010,2025-06-08,925.51
user_010,2025-06-09,929.62
user_010,2025-06-10,926.68
user_010,2025-06-11,933.17
user_010,2025-06-12,943.73
user_010,2025-06-13,946.8
user_010,2025-06-14,964.57
user_010,2025-06-15,963.9
user_010,2025-06-16,971.26
user_010,2025-06-17,980.43
user_010,2025-06-18,980.58
user_010,2025-06-19,989.48
user_010,2025-06-20,984.65
user_010,2025-06-21,981.54
user_010,2025-06-22,969.53
user_010,2025-06-23,973.07
user_010,2025-06-24,977.44
user_010,2025-06-25,990.35
user_010,2025-06-26,999.37
user_010,2025-06-27,997.64
user_010,2025-06-28,986.98
user_010,2025-06-29,992.43
user_010,2025-06-30,1004.65
user_010,2025-07-01,1013.32
user_010,2025-07-02,1025.28
user_010,2025-07-03,1024.28
user_010,2025-07-04,1020.73
user_010,2025-07-05,1014.48
user_010,2025-07-06,1015.04
user_010,2025-07-07,1015.37
user_010,2025-07-08,1018.55
user_010,2025-07-09,1018.38
user_010,2025-07-10,1018.16
user_010,2025-07-11,1011.51
user_010,2025-07-12,1022.04
user_010,2025-07-13,1023.93
user_010,2025-07-14,1023.3
user_010,2025-07-15,1016.94
user_010,2025-07-16,1004.74
user_010,2025-07-17,1018.94
user_010,2025-07-18,1025.6
user_010,2025-07-19,1010.48
user_010,2025-07-20,1019.23
user_010,2025-07-21,1029.57
user_010,2025-07-22,1031.93
user_010,2025-07-23,1049.03
user_010,2025-07-24,1052.31
user_010,2025-07-25,1039.26
user_010,2025-07-26,1044.03
user_010,2025-07-27,1047.6
user_010,2025-07-28,1042.68
user_010,2025-07-29,1049.53
user_010,2025-07-30,1033.98
user_010,2025-07-31,1045.0
user_010,2025-08-01,1037.33
user_010,2025-08-02,1028.6
user_010,2025-08-03,1028.58
user_010,2025-08-04,1034.03
user_010,2025-08-05,1036.78
user_010,2025-08-06,1030.48
user_010,2025-08-07,1026.53
user_010,2025-08-08,1016.32
user_010,2025-08-09,1015.19
user_010,2025-08-10,1027.06
user_010,2025-08-11,1028.13
user_010,2025-08-12,1037.84
user_010,2025-08-13,1053.51
user_010,2025-08-14,1048.75
user_010,2025-08-15,1048.0
user_010,2025-08-16,1070.83
user_010,2025-08-17,1086.39
user_010,2025-08-18,1070.79
user_010,2025-08-19,1075.78
user_010,2025-08-20,1076.9
user_010,2025-08-21,1086.28
user_010,2025-08-22,1079.95
user_010,2025-08-23,1072.67
user_010,2025-08-24,1067.03
